"TERYT Powiatu";"Powiat";"Województwo";"Nr okręgu";"Liczba komisji";"Liczba uwzględnionych komisji";"Komisja otrzymała kart do głosowania";"Liczba wyborców uprawnionych do głosowania";"W tym umieszczonych w części A spisu wyborców";"W tym umieszczonych w części B spisu wyborców";"Nie wykorzystano kart do głosowania";"Liczba wyborców, którym wydano karty do głosowania w lokalu wyborczym";"W tym w części A spisu wyborców";"W tym w części B spisu wyborców";"Liczba wyborców, którym wysłano pakiety wyborcze";"Liczba wyborców, którym wydano karty do głosowania w lokalu wyborczym oraz w głosowaniu korespondencyjnym (łącznie)";"Liczba wyborców głosujących przez pełnomocnika";"Liczba wyborców głosujących na podstawie zaświadczenia o prawie do głosowania";"Liczba otrzymanych kopert zwrotnych";"Liczba kopert zwrotnych, w których nie było oświadczenia o osobistym i tajnym oddaniu głosu";"Liczba kopert zwrotnych, w których oświadczenie nie było podpisane";"Liczba kopert zwrotnych, w których nie było koperty na kartę do głosowania";"Liczba kopert zwrotnych, w których znajdowała się niezaklejona koperta na kartę do głosowania";"Liczba kopert na kartę do głosowania wrzuconych do urny";"Liczba kart wyjętych z urny";"W tym liczba kart wyjętych z kopert na kartę do głosowania";"Liczba kart nieważnych";"Liczba kart ważnych";"Liczba głosów nieważnych";"W tym z powodu postawienia znaku „X” obok nazwiska dwóch lub większej liczby kandydatów z różnych list";"W tym z powodu niepostawienia znaku „X” obok nazwiska żadnego kandydata";"W tym z powodu postawienia znaku „X” wyłącznie obok nazwiska kandydata na liście, której rejestracja została unieważniona";"Liczba głosów ważnych oddanych łącznie na wszystkie listy kandydatów";"KOALICYJNY KOMITET WYBORCZY KOALICJA OBYWATELSKA";"KOALICYJNY KOMITET WYBORCZY LEWICA";"KOALICYJNY KOMITET WYBORCZY TRZECIA DROGA POLSKA 2050 SZYMONA HOŁOWNI - POLSKIE STRONNICTWO LUDOWE";"KOMITET WYBORCZY KONFEDERACJA WOLNOŚĆ I NIEPODLEGŁOŚĆ";"KOMITET WYBORCZY NORMALNY KRAJ";"KOMITET WYBORCZY POLEXIT";"KOMITET WYBORCZY POLSKA LIBERALNA STRAJK PRZEDSIĘBIORCÓW";"KOMITET WYBORCZY PRAWO I SPRAWIEDLIWOŚĆ";"KOMITET WYBORCZY RUCH NAPRAWY POLSKI";"KOMITET WYBORCZY WYBORCÓW BEZPARTYJNI SAMORZĄDOWCY-NORMALNA POLSKA W NORMALNEJ EUROPIE";"KOMITET WYBORCZY WYBORCÓW GŁOS SILNEJ POLSKI"
20100;"bolesławiecki";"dolnośląskie";12;83;83;65231;67127;67120;7;41527;23704;23698;6;8;23712;25;149;7;1;0;0;0;6;23710;6;0;23710;196;120;76;0;23514;8472;1528;1123;3176;;74;;8845;;296;
20200;"dzierżoniowski";"dolnośląskie";12;91;91;72077;74455;74450;5;44200;27877;27875;2;13;27890;44;120;8;1;0;0;0;7;27883;7;2;27881;205;115;90;0;27676;10524;1675;1486;3095;;71;;10509;;316;
20300;"głogowski";"dolnośląskie";12;57;57;63413;65168;65163;5;38243;25170;25166;4;11;25181;12;174;11;0;0;1;1;9;25179;9;0;25179;144;88;56;0;25035;8641;2808;1185;2972;;74;;9102;;253;
20400;"górowski";"dolnośląskie";12;34;34;24815;25951;25946;5;17075;7741;7738;3;1;7742;9;54;1;0;0;0;0;1;7742;1;0;7742;67;45;22;0;7675;2409;606;367;1010;;26;;3169;;88;
20500;"jaworski";"dolnośląskie";12;47;47;36858;37839;37836;3;23318;13540;13537;3;6;13546;18;109;6;0;0;0;0;6;13545;6;0;13545;102;64;38;0;13443;4964;692;608;1610;;41;;5398;;130;
20600;"karkonoski";"dolnośląskie";12;59;59;48493;48906;48893;13;29586;18906;18901;5;2;18908;34;757;0;0;0;0;0;0;18906;0;0;18906;129;81;48;0;18777;8533;1735;1132;1906;;66;;5110;;295;
20700;"kamiennogórski";"dolnośląskie";12;41;41;31193;32413;32411;2;19910;11284;11284;0;7;11291;19;136;7;0;0;0;0;7;11291;7;0;11291;81;47;34;0;11210;4624;881;439;1061;;35;;4035;;135;
20800;"kłodzki";"dolnośląskie";12;151;151;115109;120332;120289;43;71948;43160;43154;6;17;43177;82;1816;17;2;0;1;0;14;43167;14;0;43167;321;200;121;0;42846;17715;2712;2361;4312;;114;;15166;;466;
20900;"legnicki";"dolnośląskie";12;61;61;40295;41924;41922;2;24816;15479;15478;1;0;15479;11;66;0;0;0;0;0;0;15478;0;0;15478;115;72;43;0;15363;5158;812;739;2177;;58;;6253;;166;
21000;"lubański";"dolnośląskie";12;50;50;39804;41173;41168;5;25527;14277;14275;2;4;14281;9;99;4;0;0;0;0;4;14281;4;0;14281;110;58;52;0;14171;5284;1286;763;1549;;42;;4938;;309;
21100;"lubiński";"dolnośląskie";12;94;94;76321;78575;78571;4;43821;32500;32497;3;2;32502;17;234;2;0;0;0;0;2;32502;2;0;32502;224;136;88;0;32278;10513;2427;1522;3952;;83;;13128;;653;
21200;"lwówecki";"dolnośląskie";12;51;51;33172;34340;34331;9;22014;11158;11157;1;0;11158;16;108;0;0;0;0;0;0;11158;0;0;11158;89;56;33;0;11069;4068;877;663;1299;;38;;3945;;179;
21300;"milicki";"dolnośląskie";12;37;37;27318;28264;28263;1;18040;9278;9278;0;1;9279;10;100;1;0;0;0;0;1;9278;1;0;9278;66;47;19;0;9212;2720;929;481;1189;;20;;3781;;92;
21400;"oleśnicki";"dolnośląskie";12;81;81;77908;81855;81852;3;48065;29842;29841;1;2;29844;37;244;2;0;0;0;0;2;29845;2;2;29843;217;130;87;0;29626;11061;2580;1600;3746;;81;;10210;;348;
21500;"oławski";"dolnośląskie";12;61;61;55877;58049;58045;4;31631;24246;24243;3;11;24257;18;134;11;0;0;0;0;11;24255;11;0;24255;126;77;49;0;24129;9150;1698;1000;3420;;67;;8468;;326;
21600;"polkowicki";"dolnośląskie";12;52;52;44826;46565;46565;0;28252;16574;16574;0;1;16575;20;114;1;0;0;0;0;1;16575;1;0;16575;156;104;52;0;16419;4210;1056;820;2407;;55;;7650;;221;
21700;"strzeliński";"dolnośląskie";12;50;50;33102;34164;34158;6;20187;12915;12915;0;1;12916;22;93;1;0;0;0;0;1;12916;1;0;12916;111;66;45;0;12805;3616;1556;470;1665;;24;;5348;;126;
21800;"średzki";"dolnośląskie";12;59;59;41911;43888;43884;4;24259;17652;17649;3;0;17652;7;126;0;0;0;0;0;0;17651;0;0;17651;132;82;50;0;17519;6365;1148;962;2546;;59;;6242;;197;
21900;"świdnicki";"dolnośląskie";12;136;136;113134;117109;117089;20;67199;45935;45923;12;14;45949;68;210;14;1;0;1;0;12;45947;12;2;45945;304;163;141;0;45641;18262;3915;1800;4980;;107;;16010;;567;
22000;"trzebnicki";"dolnośląskie";12;108;108;64330;66974;66959;15;36104;28226;28221;5;3;28229;39;201;3;1;0;0;0;2;28225;2;1;28224;202;128;74;0;28022;10740;2062;1172;3870;;101;;9762;;315;
22100;"wałbrzyski";"dolnośląskie";12;52;52;40071;41683;41677;6;25207;14864;14864;0;9;14873;22;287;8;0;0;0;0;8;14872;8;0;14872;102;51;51;0;14770;7136;986;499;1415;;60;;4526;;148;
22200;"wołowski";"dolnośląskie";12;40;40;35749;36836;36832;4;22018;13730;13729;1;8;13738;14;103;8;0;0;0;0;8;13740;8;3;13737;124;65;59;0;13613;4733;1129;533;1740;;26;;5267;;185;
22300;"wrocławski";"dolnośląskie";12;130;130;118881;125378;125346;32;58388;60518;60501;17;16;60534;36;468;16;2;0;0;0;14;60534;14;21;60513;269;131;138;0;60244;26724;5193;3206;8488;;134;;15686;;813;
22400;"ząbkowicki";"dolnośląskie";12;85;85;47992;49393;49385;8;30839;17153;17150;3;1;17154;22;199;1;0;0;0;0;1;17155;1;0;17155;145;95;50;0;17010;5192;896;1958;1758;;45;;6982;;179;
22500;"zgorzelecki";"dolnośląskie";12;97;97;65041;66840;66836;4;41260;23778;23776;2;5;23783;32;371;5;0;0;0;0;5;23784;5;4;23780;205;121;84;0;23575;8429;1947;1087;2930;;71;;8761;;350;
22600;"złotoryjski";"dolnośląskie";12;46;46;31535;32457;32453;4;20315;11220;11219;1;0;11220;19;103;0;0;0;0;0;0;11220;0;0;11220;79;49;30;0;11141;3920;972;513;1404;;26;;4176;;130;
26100;"Jelenia Góra";"dolnośląskie";12;49;49;56430;57613;57607;6;32439;23993;23989;4;11;24004;33;538;10;0;0;0;0;10;24002;10;0;24002;129;69;60;0;23873;11533;2482;1055;2249;;53;;6283;;218;
26200;"Legnica";"dolnośląskie";12;50;50;67585;69040;69034;6;40269;27315;27310;5;8;27323;24;138;8;2;0;0;0;6;27321;6;2;27319;103;42;61;0;27216;11294;2256;1126;3280;;48;;8923;;289;
26400;"Wrocław";"dolnośląskie";12;332;332;454407;480412;480245;167;206539;247834;247748;86;151;247985;190;2891;149;6;1;0;0;142;247946;141;21;247925;857;402;455;0;247068;112989;35381;12279;27003;;470;;55938;;3008;
26500;"Wałbrzych";"dolnośląskie";12;64;64;73977;75801;75795;6;45213;28763;28761;2;27;28790;32;236;27;4;0;0;0;23;28786;23;6;28780;175;89;86;0;28605;15276;2198;691;2321;;68;;7823;;228;
40100;"aleksandrowski";"kujawsko-pomorskie";2;67;67;42931;44505;44502;3;26741;16190;16190;0;4;16194;24;1337;2;0;0;0;0;2;16191;2;0;16191;111;62;49;0;16080;6264;625;1066;1815;;39;51;6024;;196;
40200;"brodnicki";"kujawsko-pomorskie";2;75;75;56585;59233;59232;1;37579;19006;19005;1;15;19021;22;154;15;0;0;0;0;15;19021;15;0;19021;136;98;38;0;18885;5381;478;3645;2085;;50;38;7083;;125;
40300;"bydgoski";"kujawsko-pomorskie";2;122;122;89416;93390;93383;7;52765;36649;36646;3;6;36655;31;272;6;0;0;0;0;6;36655;6;1;36654;221;125;96;0;36433;18385;1392;2752;4181;;109;90;9174;;350;
40400;"chełmiński";"kujawsko-pomorskie";2;52;52;36275;37590;37589;1;24445;11831;11830;1;2;11833;15;53;2;0;0;0;0;2;11833;2;2;11831;109;72;37;0;11722;4590;397;979;1354;;44;44;4155;;159;
40500;"golubsko-dobrzyński";"kujawsko-pomorskie";2;42;42;32764;34244;34244;0;22686;10078;10078;0;4;10082;19;86;4;2;0;0;0;2;10080;2;1;10079;79;52;27;0;10000;2816;304;1154;1347;;33;23;4229;;94;
40600;"grudziądzki";"kujawsko-pomorskie";2;58;58;29019;30465;30464;1;20293;8726;8725;1;2;8728;16;27;2;0;0;0;0;2;8728;2;0;8728;71;59;12;0;8657;2400;283;1187;1155;;24;32;3479;;97;
40700;"inowrocławski";"kujawsko-pomorskie";2;161;161;114868;119330;119329;1;74773;40097;40097;0;14;40111;50;768;14;0;0;0;0;14;40111;14;1;40110;292;217;75;0;39818;18667;1556;2609;3855;;99;83;12529;;420;
40800;"lipnowski";"kujawsko-pomorskie";2;84;84;47752;49705;49703;2;33839;13913;13913;0;0;13913;22;132;0;0;0;0;0;0;13913;0;3;13910;132;71;61;0;13778;3383;486;2659;1499;;36;43;5578;;94;
40900;"mogileński";"kujawsko-pomorskie";2;49;49;33625;34989;34987;2;22906;10719;10719;0;1;10720;9;66;1;0;0;0;0;1;10720;1;0;10720;115;89;26;0;10605;3780;612;1038;1224;;26;20;3801;;104;
41000;"nakielski";"kujawsko-pomorskie";2;102;102;62699;64838;64837;1;41312;21387;21387;0;0;21387;18;108;0;0;0;0;0;0;21386;0;0;21386;217;152;65;0;21169;9268;700;1413;2415;;63;64;7036;;210;
41100;"radziejowski";"kujawsko-pomorskie";2;56;56;30110;31593;31592;1;21037;9073;9073;0;2;9075;23;110;2;0;0;0;0;2;9074;2;0;9074;67;46;21;0;9007;2419;334;864;1040;;38;23;4213;;76;
41200;"rypiński";"kujawsko-pomorskie";2;59;59;31873;33326;33326;0;22466;9407;9407;0;0;9407;16;87;0;0;0;0;0;0;9407;0;0;9407;75;54;21;0;9332;2951;270;1075;944;;28;16;3989;;59;
41300;"sępoleński";"kujawsko-pomorskie";2;53;53;29252;30350;30350;0;19902;9350;9350;0;1;9351;13;74;1;1;0;0;0;0;9350;0;0;9350;90;67;23;0;9260;4005;224;501;1071;;27;32;3310;;90;
41400;"świecki";"kujawsko-pomorskie";2;115;115;69921;72988;72987;1;47658;22261;22260;1;13;22274;18;178;13;0;0;0;0;13;22274;13;4;22270;199;147;52;0;22071;8943;695;1736;2607;;87;119;7633;;251;
41500;"toruński";"kujawsko-pomorskie";2;91;91;80745;84161;84157;4;51051;29693;29691;2;6;29699;30;161;5;1;0;0;0;4;29697;4;7;29690;190;124;66;0;29500;13041;1102;2101;3821;;118;61;8976;;280;
41600;"tucholski";"kujawsko-pomorskie";2;60;60;34898;36746;36742;4;22716;12182;12180;2;0;12182;23;121;0;0;0;0;0;0;12181;0;0;12181;98;70;28;0;12083;4125;329;1131;1371;;33;43;4922;;129;
41700;"wąbrzeski";"kujawsko-pomorskie";2;34;34;24270;25269;25268;1;16741;7529;7529;0;1;7530;8;42;1;0;0;0;0;1;7530;1;0;7530;63;41;22;0;7467;2159;217;1550;984;;35;14;2444;;64;
41800;"włocławski";"kujawsko-pomorskie";2;101;101;64260;67146;67142;4;44873;19387;19386;1;6;19393;23;500;5;0;0;0;0;5;19391;5;0;19391;185;117;68;0;19206;5391;1237;2174;2240;;42;56;7912;;154;
41900;"żniński";"kujawsko-pomorskie";2;99;99;50936;53207;53206;1;33685;17251;17250;1;1;17252;19;114;1;0;0;0;0;1;17252;1;0;17252;179;134;45;0;17073;7153;509;1061;1963;;63;49;6117;;158;
46100;"Bydgoszcz";"kujawsko-pomorskie";2;207;207;234102;242295;242279;16;126679;107402;107394;8;73;107475;87;805;71;7;0;0;0;64;107460;64;3;107457;494;276;218;0;106963;56776;5617;6587;9179;;235;176;27576;;817;
46200;"Grudziądz";"kujawsko-pomorskie";2;55;55;62662;63803;63801;2;39763;22900;22899;1;9;22909;12;163;9;0;0;0;0;9;22908;9;3;22905;132;83;49;0;22773;11383;1189;2023;1827;;56;88;6059;;148;
46300;"Toruń";"kujawsko-pomorskie";2;126;126;138385;141949;141940;9;73659;64724;64718;6;38;64762;57;708;37;1;0;0;2;34;64754;34;3;64751;217;115;102;0;64534;35297;3179;3211;5706;;138;112;16402;;489;
46400;"Włocławek";"kujawsko-pomorskie";2;69;69;77545;79684;79681;3;49105;28440;28438;2;3;28443;46;213;3;0;0;0;0;3;28442;3;2;28440;178;104;74;0;28262;13160;3925;966;2106;;57;32;7833;;183;
60100;"bialski";"lubelskie";8;135;135;83096;85906;85905;1;52696;30398;30397;1;4;30402;34;284;4;0;0;0;0;4;30405;4;2;30403;240;152;88;0;30163;5766;783;2038;4732;;96;;16413;;335;
60200;"biłgorajski";"lubelskie";8;111;111;76678;79044;79044;0;47042;29636;29636;0;0;29636;75;207;0;0;0;0;0;0;29636;0;1;29635;173;117;56;0;29462;4906;579;3057;5130;;85;;15497;;208;
60300;"chełmski";"lubelskie";8;107;107;58322;60266;60263;3;39558;18764;18763;1;27;18791;21;113;27;18;0;0;0;9;18773;9;0;18773;154;107;47;0;18619;4461;739;899;3270;;66;;9000;;184;
60400;"hrubieszowski";"lubelskie";8;87;87;47637;49009;49007;2;32583;15054;15054;0;2;15056;20;129;2;0;0;0;0;2;15054;2;0;15054;113;67;46;0;14941;3191;378;1375;2317;;55;;7441;;184;
60500;"janowski";"lubelskie";8;45;45;34446;35544;35543;1;19492;14954;14953;1;1;14955;39;68;1;0;0;0;0;1;14955;1;0;14955;76;38;38;0;14879;1566;634;388;2655;;29;;9524;;83;
60600;"krasnostawski";"lubelskie";8;101;101;48491;49840;49838;2;32210;16281;16280;1;5;16286;25;113;5;0;0;0;0;5;16285;5;0;16285;121;71;50;0;16164;4270;466;914;2494;;65;;7695;;260;
60700;"kraśnicki";"lubelskie";8;95;95;70904;73045;73042;3;43976;26928;26927;1;4;26932;49;105;4;0;0;0;0;4;26932;4;2;26930;189;112;77;0;26741;5161;908;1753;3775;;65;;14858;;221;
60800;"lubartowski";"lubelskie";8;98;98;66137;68653;68648;5;40965;25171;25170;1;0;25171;38;190;0;0;0;0;0;0;25171;0;1;25170;167;89;78;0;25003;5115;615;1565;4496;;74;;12853;;285;
60900;"lubelski";"lubelskie";8;144;144;119687;124473;124466;7;70306;49381;49376;5;11;49392;61;233;10;0;0;0;0;10;49386;10;2;49384;232;127;105;0;49152;12169;1327;3135;9176;;149;;22554;;642;
61000;"łęczyński";"lubelskie";8;65;65;41908;43493;43491;2;26111;15797;15796;1;4;15801;14;118;4;0;0;0;0;4;15800;4;2;15798;78;41;37;0;15720;3887;316;684;2803;;71;;7673;;286;
61100;"łukowski";"lubelskie";8;133;133;77984;80433;80433;0;47385;30599;30599;0;5;30604;25;193;4;0;0;0;0;4;30602;4;1;30601;211;125;86;0;30390;4360;972;1728;5506;;92;;17434;;298;
61200;"opolski";"lubelskie";8;71;71;44689;46220;46219;1;29074;15615;15614;1;0;15615;19;112;0;0;0;0;0;0;15616;0;0;15616;121;65;56;0;15495;3098;314;1156;2594;;41;;8163;;129;
61300;"parczewski";"lubelskie";8;46;46;26034;26867;26867;0;16523;9512;9512;0;1;9513;14;108;1;0;0;0;0;1;9513;1;0;9513;66;38;28;0;9447;1970;235;802;1539;;37;;4733;;131;
61400;"puławski";"lubelskie";8;109;109;86345;89250;89246;4;50264;36080;36080;0;18;36098;65;583;18;2;0;0;0;16;36095;16;1;36094;204;111;93;0;35890;11373;1113;2052;5137;;111;;15677;;427;
61500;"radzyński";"lubelskie";8;77;77;44298;45664;45661;3;27926;16372;16371;1;5;16377;17;88;5;0;0;0;0;5;16377;5;0;16377;101;58;43;0;16276;2411;288;1483;2851;;36;;8963;;244;
61600;"rycki";"lubelskie";8;81;81;41250;42660;42660;0;24394;16856;16856;0;1;16857;19;168;1;0;0;0;0;1;16856;1;1;16855;117;63;54;0;16738;3256;510;2257;2155;;57;;8326;;177;
61700;"świdnicki";"lubelskie";8;62;62;53449;55311;55309;2;31817;21632;21630;2;6;21638;33;112;6;0;0;0;0;6;21638;6;0;21638;102;61;41;0;21536;5886;701;1708;2964;;75;;9951;;251;
61800;"tomaszowski";"lubelskie";8;113;113;63087;65080;65076;4;40535;22552;22549;3;4;22556;35;160;4;0;0;0;0;4;22556;4;1;22555;167;112;55;0;22388;4052;450;1451;3096;;66;;13018;;255;
61900;"włodawski";"lubelskie";8;52;52;29186;30204;30201;3;18407;10779;10778;1;5;10784;15;163;4;0;0;0;0;4;10783;4;0;10783;108;80;28;0;10675;2606;413;1770;1292;;28;;4457;;109;
62000;"zamojski";"lubelskie";8;153;153;81887;84519;84517;2;52543;29345;29344;1;14;29359;45;368;13;2;0;0;0;11;29357;11;1;29356;239;141;98;0;29117;4300;528;2599;4999;;116;;15666;;909;
66100;"Biała Podlaska";"lubelskie";8;29;29;41538;42611;42608;3;23618;17920;17919;1;8;17928;25;135;8;2;0;0;0;6;17925;6;4;17921;70;41;29;0;17851;6652;473;669;2063;;40;;7817;;137;
66200;"Chełm";"lubelskie";8;36;36;45435;46822;46822;0;27118;18317;18317;0;19;18336;13;133;19;0;0;0;0;19;18336;19;0;18336;82;58;24;0;18254;6865;1404;910;1975;;64;;6925;;111;
66300;"Lublin";"lubelskie";8;217;217;242480;251294;251283;11;126092;116389;116385;4;75;116464;111;1033;75;2;0;0;0;73;116459;73;21;116438;378;177;201;0;116060;48269;5609;6203;14442;;300;;40011;;1226;
66400;"Zamość";"lubelskie";8;35;35;46139;47558;47557;1;27874;18265;18264;1;15;18280;20;182;15;0;0;0;0;15;18279;15;0;18279;77;35;42;0;18202;5412;626;2417;2081;;46;;7370;;250;
80100;"gorzowski";"lubuskie";13;70;70;53567;55395;55392;3;34149;19418;19416;2;0;19418;13;140;0;0;0;0;0;0;19418;0;0;19418;161;92;69;0;19257;8444;1579;910;2004;;62;;6007;;251;
80200;"krośnieński";"lubuskie";13;63;63;39680;41119;41106;13;26668;13012;13006;6;0;13012;12;118;0;0;0;0;0;0;13010;0;0;13010;118;77;41;0;12892;5549;1217;781;1111;;28;;4061;;145;
80300;"międzyrzecki";"lubuskie";13;66;66;42213;43493;43488;5;27841;14371;14370;1;4;14375;21;291;4;0;0;0;0;4;14374;4;0;14374;111;72;39;0;14263;6192;1380;837;1316;;31;;4341;;166;
80400;"nowosolski";"lubuskie";13;65;65;61364;63775;63772;3;39328;22036;22034;2;17;22053;14;148;17;2;0;0;1;14;22049;14;2;22047;154;94;60;0;21893;8856;1823;1231;2309;;55;;7385;;234;
80500;"słubicki";"lubuskie";13;39;39;33759;35051;35041;10;22614;11144;11137;7;1;11145;13;215;1;0;0;0;0;1;11146;1;0;11146;86;59;27;0;11060;4648;1291;578;1110;;29;;3303;;101;
80600;"strzelecko-drezdenecki";"lubuskie";13;53;53;35345;36659;36658;1;23997;11348;11347;1;4;11352;20;129;4;0;0;0;0;4;11348;4;0;11348;87;56;31;0;11261;4657;1018;525;972;;32;;3949;;108;
80700;"sulęciński";"lubuskie";13;49;49;25670;26179;26171;8;16938;8732;8728;4;1;8733;8;124;1;0;0;0;0;1;8733;1;0;8733;75;50;25;0;8658;3266;549;815;882;;27;;3052;;67;
80800;"świebodziński";"lubuskie";13;59;59;40425;41867;41859;8;25756;14669;14666;3;4;14673;21;173;4;0;0;0;0;4;14673;4;0;14673;106;60;46;0;14567;6094;1149;979;1590;;30;;4601;;124;
80900;"zielonogórski";"lubuskie";13;78;78;55560;57640;57635;5;35417;20141;20141;0;3;20144;24;188;3;0;0;0;0;3;20144;3;1;20143;158;103;55;0;19985;9083;1715;1209;2118;;70;;5583;;207;
81000;"żagański";"lubuskie";13;80;80;55933;57701;57700;1;37268;18665;18665;0;13;18678;11;135;13;1;0;0;0;12;18676;12;9;18667;137;81;56;0;18530;7430;1789;830;1911;;64;;6334;;172;
81100;"żarski";"lubuskie";13;83;83;68488;70874;70866;8;45500;22988;22986;2;13;23001;14;187;9;0;0;0;0;9;22995;9;0;22995;171;102;69;0;22824;9296;2213;1336;2180;;59;;7422;;318;
81200;"wschowski";"lubuskie";13;44;44;27921;29069;29067;2;18686;9234;9233;1;5;9239;7;96;5;0;0;0;0;5;9240;5;1;9239;85;45;40;0;9154;3083;613;495;978;;25;;3883;;77;
86100;"Gorzów Wielkopolski";"lubuskie";13;68;68;84858;86436;86432;4;50536;34322;34321;1;15;34337;31;306;15;0;0;0;0;15;34334;15;0;34334;143;66;77;0;34191;16202;3548;1193;2611;;62;;10132;;443;
86200;"Zielona Góra";"lubuskie";13;84;84;99918;103270;103265;5;53308;46608;46605;3;22;46630;50;315;21;2;0;0;0;19;46623;19;1;46622;212;103;109;0;46410;23148;6154;2400;4054;;125;;10178;;351;
100100;"bełchatowski";"łódzkie";6;79;79;83613;85741;85739;2;50726;32886;32886;0;2;32888;41;203;2;0;0;0;0;2;32888;2;1;32887;212;130;82;0;32675;7332;1930;1578;5737;;99;128;15578;;293;
100200;"kutnowski";"łódzkie";6;86;86;71888;73524;73522;2;46146;25742;25742;0;6;25748;45;155;6;0;0;0;0;6;25748;6;0;25748;167;101;66;0;25581;7932;2087;1015;2719;;54;78;11520;;176;
100300;"łaski";"łódzkie";6;60;60;37862;39115;39115;0;22754;15109;15109;0;3;15112;14;103;3;0;0;0;0;3;15112;3;3;15109;92;56;36;0;15017;4270;1017;1280;1791;;40;34;6453;;132;
100400;"łęczycki";"łódzkie";6;53;53;38158;39216;39212;4;25386;12772;12771;1;4;12776;13;62;4;0;0;0;1;3;12775;3;0;12775;96;61;35;0;12679;3333;607;645;1751;;50;32;6171;;90;
100500;"łowicki";"łódzkie";6;83;83;59300;60842;60839;3;37166;22155;22154;1;1;22156;19;173;1;0;0;0;0;1;22156;1;1;22155;174;89;85;0;21981;5165;1380;1629;2796;;57;47;10737;;170;
100600;"łódzki wschodni";"łódzkie";6;90;90;55908;57830;57828;2;29130;26780;26778;2;1;26781;37;181;1;0;0;0;0;1;26781;1;2;26779;128;68;60;0;26651;9092;2513;1279;3182;;65;58;10224;;238;
100700;"opoczyński";"łódzkie";6;95;95;57150;58873;58869;4;32641;24511;24507;4;3;24514;38;155;3;0;0;0;0;3;24513;3;5;24508;174;85;89;0;24334;3932;1027;1299;2783;;92;73;14928;;200;
100800;"pabianicki";"łódzkie";6;71;71;88317;90985;90980;5;48205;40113;40110;3;4;40117;58;330;4;0;0;0;0;4;40114;4;2;40112;179;94;85;0;39933;16325;4072;1869;4239;;104;108;12802;;414;
100900;"pajęczański";"łódzkie";6;44;44;38262;40167;40164;3;24192;14071;14069;2;2;14073;30;80;2;0;0;0;0;2;14072;2;0;14072;106;56;50;0;13966;2745;788;802;1901;;40;37;7552;;101;
101000;"piotrkowski";"łódzkie";6;95;95;69133;71881;71879;2;42180;26953;26952;1;2;26955;31;244;2;2;0;0;0;0;26952;0;0;26952;175;90;85;0;26777;3844;1549;2690;3707;;72;88;14601;;226;
101100;"poddębicki";"łódzkie";6;55;55;31448;32675;32674;1;20081;11367;11366;1;0;11367;17;151;0;0;0;0;0;0;11367;0;0;11367;103;63;40;0;11264;2508;553;1451;1361;;30;29;5242;;90;
101200;"radomszczański";"łódzkie";6;108;108;83864;86924;86921;3;53048;30816;30815;1;6;30822;60;247;6;0;0;0;0;6;30822;6;0;30822;227;143;84;0;30595;7879;2023;1456;3420;;84;83;15253;;397;
101300;"rawski";"łódzkie";6;38;38;36114;37404;37403;1;23315;12800;12799;1;1;12801;7;88;1;0;0;0;0;1;12801;1;2;12799;78;45;33;0;12721;2554;665;1106;1585;;41;22;6582;;166;
101400;"sieradzki";"łódzkie";6;101;101;89357;90985;90983;2;56666;32692;32692;0;7;32699;32;144;7;0;0;0;0;7;32697;7;0;32697;227;142;85;0;32470;8349;1956;2595;3879;;74;62;15321;;234;
101500;"skierniewicki";"łódzkie";6;42;42;28458;29788;29786;2;16816;11642;11642;0;0;11642;12;77;0;0;0;0;0;0;11641;0;0;11641;84;55;29;0;11557;1711;436;697;1585;;27;35;6973;;93;
101600;"tomaszowski";"łódzkie";6;92;92;85143;87796;87794;2;49265;35878;35877;1;4;35882;41;305;4;0;0;0;0;4;35880;4;2;35878;249;127;122;0;35629;9856;2189;2241;4051;;90;82;16835;;285;
101700;"wieluński";"łódzkie";6;88;88;57152;59297;59290;7;35723;21433;21432;1;2;21435;28;137;2;0;0;0;0;2;21435;2;0;21435;148;89;59;0;21287;5999;1274;1303;2551;;59;46;9859;;196;
101800;"wieruszowski";"łódzkie";6;45;45;31954;32983;32982;1;21225;10729;10728;1;0;10729;17;73;0;0;0;0;0;0;10726;0;0;10726;74;43;31;0;10652;2611;830;781;1565;;31;34;4710;;90;
101900;"zduńskowolski";"łódzkie";6;43;43;48272;49863;49858;5;28622;19670;19668;2;3;19673;8;98;3;1;0;0;0;2;19672;2;2;19670;94;58;36;0;19576;4826;1241;3385;2010;;30;36;7936;;112;
102000;"zgierski";"łódzkie";6;135;135;123680;128024;128015;9;70138;53542;53540;2;19;53561;67;393;19;2;0;0;0;17;53558;17;3;53555;269;138;131;0;53286;21112;4900;2541;5726;;120;120;18300;;467;
102100;"brzeziński";"łódzkie";6;45;45;23281;23989;23989;0;13980;9301;9301;0;0;9301;8;48;0;0;0;0;0;0;9301;0;0;9301;67;36;31;0;9234;2307;598;609;1119;;26;20;4476;;79;
106100;"Łódź";"łódzkie";6;322;322;483750;487379;487338;41;250192;233561;233532;29;163;233724;160;1701;156;2;1;0;2;152;233686;152;31;233655;909;445;464;0;232746;105206;38051;10015;19713;;501;381;57126;;1753;
106200;"Piotrków Trybunalski";"łódzkie";6;41;41;52462;53676;53674;2;30774;21688;21688;0;3;21691;17;124;3;0;0;0;0;3;21691;3;2;21689;105;58;47;0;21584;7531;2097;1644;2288;;44;39;7777;;164;
106300;"Skierniewice";"łódzkie";6;29;29;34289;35151;35146;5;18439;15850;15849;1;1;15851;16;86;1;0;0;0;0;1;15849;1;2;15847;80;25;55;0;15767;5899;1502;870;1639;;38;27;5640;;152;
120100;"bocheński";"małopolskie";10;86;86;79917;82894;82891;3;45103;34814;34812;2;4;34818;46;194;4;0;0;0;0;4;34817;4;0;34817;214;121;93;0;34603;6405;717;2512;5757;95;72;24;18801;;220;
120200;"brzeski";"małopolskie";10;76;76;69855;72169;72165;4;41254;28601;28599;2;9;28610;23;200;8;0;0;0;0;8;28609;8;2;28607;205;121;84;0;28402;4655;598;2025;4890;83;51;26;15898;;176;
120300;"chrzanowski";"małopolskie";10;93;93;90601;93766;93763;3;52304;38298;38296;2;29;38327;37;205;29;2;0;0;0;27;38324;27;0;38324;231;156;75;0;38093;14949;1631;2096;4817;124;84;34;14059;;299;
120400;"dąbrowski";"małopolskie";10;63;63;45021;46187;46187;0;29131;15890;15890;0;3;15893;20;65;3;0;0;0;0;3;15892;3;3;15889;123;67;56;0;15766;1466;265;1607;2345;39;27;13;9930;;74;
120500;"gorlicki";"małopolskie";10;99;99;81190;84284;84284;0;50068;31122;31122;0;11;31133;51;343;10;0;0;0;0;10;31130;10;1;31129;176;108;68;0;30953;5990;891;2058;4870;70;72;27;16381;;594;
120600;"krakowski";"małopolskie";10;263;263;213732;223471;223427;44;116593;97140;97121;19;30;97170;129;694;30;0;0;0;0;30;97168;30;5;97163;453;250;203;0;96710;29880;3982;7913;15307;297;262;70;38235;;764;
120700;"limanowski";"małopolskie";10;114;114;96286;100044;100042;2;54628;41658;41657;1;49;41707;51;343;48;0;0;0;0;48;41704;48;0;41704;197;117;80;0;41507;3905;501;3980;6134;85;87;28;26606;;181;
120800;"miechowski";"małopolskie";10;89;89;37149;38240;38238;2;23011;14138;14138;0;0;14138;24;91;0;0;0;0;0;0;14138;0;0;14138;107;64;43;0;14031;2407;466;1423;2706;43;51;12;6825;;98;
120900;"myślenicki";"małopolskie";10;98;98;94585;99007;99002;5;51621;42963;42960;3;7;42970;42;315;7;0;0;0;0;7;42967;7;2;42965;239;127;112;0;42726;8218;933;2865;7388;176;101;48;22694;;303;
121000;"nowosądecki";"małopolskie";10;193;193;159419;166606;166600;6;85900;73519;73514;5;25;73544;68;1909;25;0;0;0;0;25;73542;25;0;73542;459;250;209;0;73083;9850;931;3588;11391;182;142;63;46452;;484;
121100;"nowotarski";"małopolskie";10;156;156;142567;148486;148478;8;89663;52904;52900;4;22;52926;53;1108;22;4;0;0;0;18;52917;18;0;52917;335;200;135;0;52582;10225;922;2338;8440;153;158;40;29946;;360;
121200;"olkuski";"małopolskie";10;103;103;82648;85051;85051;0;47507;35142;35142;0;4;35146;43;201;4;0;0;0;0;4;35144;4;1;35143;181;91;90;0;34962;10608;1591;2079;5325;112;96;25;14896;;230;
121300;"oświęcimski";"małopolskie";10;108;108;112804;116250;116245;5;62468;50335;50333;2;12;50347;91;232;11;0;0;0;0;11;50344;11;2;50342;275;172;103;0;50067;17039;1899;4250;6051;138;101;34;20213;;342;
121400;"proszowicki";"małopolskie";10;85;85;32806;34015;34015;0;20848;11957;11957;0;1;11958;25;47;1;0;0;0;0;1;11956;1;0;11956;98;61;37;0;11858;1626;311;1472;2113;31;33;20;6193;;59;
121500;"suski";"małopolskie";10;62;62;62999;65338;65337;1;38521;24478;24478;0;4;24482;45;261;4;0;0;0;0;4;24480;4;1;24479;144;88;56;0;24335;5234;493;1508;4155;89;54;21;12599;;182;
121600;"tarnowski";"małopolskie";10;194;194;151636;156806;156804;2;91612;60024;60024;0;42;60066;53;307;41;1;0;0;0;40;60060;40;2;60058;396;239;157;0;59662;8800;958;4332;9877;233;166;52;34813;;431;
121700;"tatrzański";"małopolskie";10;54;54;49809;53637;53631;6;27439;22370;22366;4;7;22377;33;1711;7;1;0;0;1;5;22375;5;0;22375;106;53;53;0;22269;6356;589;956;3196;41;52;15;10899;;165;
121800;"wadowicki";"małopolskie";10;116;116;118444;123201;123194;7;70286;48158;48155;3;8;48166;58;289;8;0;0;0;0;8;48166;8;2;48164;276;164;112;0;47888;13097;1363;3477;6947;206;141;37;22247;;373;
121900;"wielicki";"małopolskie";10;110;110;98142;102951;102932;19;52893;45249;45241;8;8;45257;35;332;8;0;0;0;0;8;45253;8;4;45249;187;88;99;0;45062;15136;1773;3253;7243;121;116;32;17048;;340;
126100;"Kraków";"małopolskie";10;456;456;564091;590303;589992;311;261564;302535;302375;160;206;302741;271;3276;202;7;4;0;2;192;302700;192;55;302645;896;375;521;0;301749;129256;31093;22561;38247;738;956;207;76314;;2377;
126200;"Nowy Sącz";"małopolskie";10;53;53;60390;61948;61946;2;31736;28653;28651;2;18;28671;22;151;18;0;0;0;0;18;28668;18;3;28665;136;63;73;0;28529;9468;626;1290;3916;55;48;25;12919;;182;
126300;"Tarnów";"małopolskie";10;75;75;80938;82724;82721;3;45480;35448;35448;0;21;35469;47;229;21;0;0;0;0;21;35469;21;1;35468;152;80;72;0;35316;13453;1181;2465;4597;102;74;24;13181;;239;
140100;"białobrzeski";"mazowieckie";5;38;38;25241;26325;26324;1;15454;9787;9786;1;1;9788;10;101;0;0;0;0;0;0;9787;0;0;9787;89;44;45;0;9698;1617;212;640;1152;14;30;18;5912;13;63;27
140200;"ciechanowski";"mazowieckie";5;71;71;66220;68093;68088;5;42650;23570;23570;0;5;23575;29;147;5;0;0;0;0;5;23575;5;0;23575;175;111;64;0;23400;6473;981;2104;2608;61;39;19;10898;42;148;27
140300;"garwoliński";"mazowieckie";5;145;145;81161;83624;83622;2;45724;35417;35415;2;2;35419;46;274;2;0;0;0;0;2;35417;2;1;35416;229;112;117;0;35187;5073;670;3190;4907;58;58;27;20814;56;261;73
140400;"gostyniński";"mazowieckie";5;52;52;34053;34869;34869;0;22444;11609;11609;0;3;11612;14;117;3;0;0;0;0;3;11612;3;0;11612;97;49;48;0;11515;3120;327;877;1341;47;29;10;5652;24;62;26
140500;"grodziski";"mazowieckie";4;60;60;72706;76029;76003;26;35122;37583;37575;8;20;37603;37;459;19;1;0;0;0;18;37596;18;2;37594;153;78;75;0;37441;14644;2804;3617;4963;;108;;10829;;476;
140600;"grójecki";"mazowieckie";5;96;96;73799;76590;76585;5;44549;29289;29287;2;24;29313;42;304;21;1;1;0;0;19;29308;19;3;29305;167;93;74;0;29138;6367;952;3861;4386;60;58;54;13084;55;199;62
140700;"kozienicki";"mazowieckie";5;67;67;46303;47710;47708;2;27749;18554;18553;1;8;18562;33;211;8;0;0;0;0;8;18561;8;0;18561;105;64;41;0;18456;3993;638;1165;2411;41;52;26;9895;45;142;48
140800;"legionowski";"mazowieckie";4;71;71;90674;94632;94620;12;43692;46980;46977;3;9;46989;39;677;9;0;0;0;0;9;46988;9;2;46986;205;100;105;0;46781;19530;3071;3798;6423;;108;;13294;;557;
140900;"lipski";"mazowieckie";5;45;45;25994;26771;26771;0;17700;8294;8294;0;0;8294;10;85;0;0;0;0;0;0;8294;0;0;8294;70;46;24;0;8224;1332;290;771;1119;24;24;13;4552;15;50;34
141000;"łosicki";"mazowieckie";5;48;48;22830;23816;23815;1;14029;8801;8800;1;3;8804;11;105;3;0;0;0;0;3;8804;3;1;8803;61;32;29;0;8742;942;161;1237;1436;15;18;11;4828;22;46;26
141100;"makowski";"mazowieckie";5;56;56;33305;34769;34767;2;20702;12603;12603;0;4;12607;10;183;3;0;0;0;0;3;12606;3;0;12606;103;58;45;0;12503;2183;334;1298;1593;34;26;21;6891;18;78;27
141200;"miński";"mazowieckie";5;125;125;114394;119242;119233;9;59815;54578;54573;5;25;54603;37;469;25;1;1;0;0;23;54599;23;0;54599;289;144;145;0;54310;15641;2161;4833;7269;107;121;32;23407;123;505;111
141300;"mławski";"mazowieckie";5;65;65;53532;55285;55284;1;36433;17099;17099;0;0;17099;21;137;0;0;0;0;0;0;17098;0;0;17098;132;93;39;0;16966;3958;514;2115;2113;36;35;20;8023;37;72;43
141400;"nowodworski";"mazowieckie";4;54;54;59213;61582;61577;5;34224;24990;24987;3;5;24995;19;332;5;0;0;0;0;5;24993;5;3;24990;125;80;45;0;24865;8254;1405;1996;3370;;78;;9520;;242;
141500;"ostrołęcki";"mazowieckie";5;118;118;67764;70203;70200;3;43814;23950;23947;3;0;23950;37;150;0;0;0;0;0;0;23950;0;0;23950;170;89;81;0;23780;2624;393;4851;3308;50;49;25;12135;36;267;42
141600;"ostrowski";"mazowieckie";5;94;94;54167;55905;55901;4;33812;20355;20353;2;2;20357;40;172;1;0;0;0;0;1;20354;1;2;20352;106;48;58;0;20246;3387;431;2274;2573;42;28;15;11316;45;103;32
141700;"otwocki";"mazowieckie";4;110;110;92384;95512;95495;17;43071;49313;49308;5;19;49332;54;455;18;0;0;0;0;18;49329;18;3;49326;283;127;156;0;49043;15878;2520;3657;7096;;146;;19085;;661;
141800;"piaseczyński";"mazowieckie";4;131;131;139780;146753;146687;66;64657;75123;75085;38;13;75136;67;1074;12;1;0;0;0;11;75124;11;7;75117;321;141;180;0;74796;33870;5274;5387;10094;;161;;19151;;859;
141900;"płocki";"mazowieckie";5;137;137;84103;86898;86897;1;54936;29167;29166;1;6;29173;37;180;6;0;0;0;0;6;29169;6;4;29165;259;155;104;0;28906;6387;942;2916;3769;88;62;44;14373;61;208;56
142000;"płoński";"mazowieckie";5;82;82;65495;68059;68058;1;44354;21141;21140;1;4;21145;23;289;4;0;0;0;0;4;21145;4;0;21145;155;95;60;0;20990;5376;668;1822;2419;56;49;23;10357;48;141;31
142100;"pruszkowski";"mazowieckie";4;94;94;122743;127532;127485;47;54448;68295;68267;28;10;68305;91;732;9;1;0;0;0;8;68294;8;1;68293;263;107;156;0;68030;29445;4828;5210;8702;;184;;18771;;890;
142200;"przasnyski";"mazowieckie";5;63;63;38486;39519;39517;2;25622;12863;12863;0;2;12865;24;95;2;1;0;0;0;1;12864;1;0;12864;112;71;41;0;12752;2854;261;959;1599;30;29;16;6891;22;68;23
142300;"przysuski";"mazowieckie";5;66;66;31876;32898;32897;1;18378;13498;13498;0;6;13504;30;150;6;0;0;0;0;6;13503;6;0;13503;93;53;40;0;13410;1632;246;1003;1580;27;34;22;8256;26;63;521
142400;"pułtuski";"mazowieckie";5;56;56;38946;40208;40207;1;24573;14373;14372;1;3;14376;20;148;3;0;0;0;0;3;14376;3;0;14376;115;61;54;0;14261;3025;469;1386;1961;39;24;27;7170;25;108;27
142500;"radomski";"mazowieckie";5;135;135;115111;118800;118793;7;71428;43683;43680;3;3;43686;33;167;3;0;0;0;0;3;43685;3;0;43685;275;153;122;0;43410;7983;1259;2511;6282;105;73;56;24610;60;311;160
142600;"siedlecki";"mazowieckie";5;96;96;61229;63578;63577;1;35972;25257;25256;1;10;25267;16;158;10;3;0;0;0;7;25264;7;0;25264;179;85;94;0;25085;2560;333;2849;4375;38;50;31;14619;44;121;65
142700;"sierpecki";"mazowieckie";5;53;53;38279;39423;39422;1;26169;12110;12110;0;0;12110;17;91;0;0;0;0;0;0;12110;0;0;12110;97;59;38;0;12013;2667;421;1084;1478;34;36;12;6129;24;92;36
142800;"sochaczewski";"mazowieckie";5;67;67;61888;64319;64316;3;37832;24056;24053;3;0;24056;41;178;0;0;0;0;0;0;24056;0;0;24056;163;97;66;0;23893;7200;808;1834;2820;47;56;27;10820;48;191;42
142900;"sokołowski";"mazowieckie";5;55;55;40655;41912;41912;0;23737;16918;16918;0;5;16923;20;121;5;0;0;0;0;5;16923;5;3;16920;101;55;46;0;16819;2554;261;2007;2837;28;37;10;8909;32;85;59
143000;"szydłowiecki";"mazowieckie";5;36;36;29531;30605;30604;1;19265;10266;10265;1;2;10268;12;55;2;0;0;0;0;2;10268;2;0;10268;68;30;38;0;10200;1815;318;500;1357;32;25;8;5958;21;75;91
143200;"warszawski zachodni";"mazowieckie";4;71;71;91636;95303;95277;26;42253;49383;49368;15;10;49393;41;602;10;1;0;0;0;9;49388;9;5;49383;207;103;104;0;49176;20608;3249;3559;6594;;124;;14436;;606;
143300;"węgrowski";"mazowieckie";5;72;72;49221;51219;51217;2;28315;20906;20905;1;9;20915;22;251;9;1;0;0;0;8;20913;8;3;20910;140;62;78;0;20770;3761;433;1432;2875;40;29;12;12000;40;106;42
143400;"wołomiński";"mazowieckie";4;171;171;184447;192296;192273;23;94733;89717;89706;11;18;89735;50;777;17;0;0;0;0;17;89732;17;1;89731;457;220;237;0;89274;27399;4889;5729;15070;;229;;34939;;1019;
143500;"wyszkowski";"mazowieckie";5;68;68;55641;57982;57980;2;32596;23045;23045;0;0;23045;41;323;0;0;0;0;0;0;23045;0;0;23045;139;87;52;0;22906;4814;863;1932;3183;62;38;36;11676;47;211;44
143600;"zwoleński";"mazowieckie";5;44;44;27422;28299;28299;0;18090;9332;9332;0;0;9332;15;55;0;0;0;0;0;0;9332;0;0;9332;80;44;36;0;9252;1523;256;672;1514;28;24;11;5095;14;61;54
143700;"żuromiński";"mazowieckie";5;37;37;28623;29518;29517;1;20243;8381;8381;0;10;8391;20;41;10;0;0;0;0;10;8391;10;0;8391;65;41;24;0;8326;1727;300;1034;832;17;22;8;4346;11;21;8
143800;"żyrardowski";"mazowieckie";5;64;64;54754;56830;56825;5;31572;23182;23179;3;3;23185;16;217;3;0;0;0;0;3;23185;3;0;23185;141;83;58;0;23044;7382;1157;2189;2780;69;58;22;8951;173;215;48
146100;"Ostrołęka";"mazowieckie";5;29;29;37205;38041;38038;3;22350;14855;14853;2;8;14863;12;80;8;0;0;0;0;8;14863;8;0;14863;111;40;71;0;14752;3724;573;2667;1490;17;37;7;5986;17;208;26
146200;"Płock";"mazowieckie";5;72;72;85592;87293;87292;1;49248;36344;36344;0;7;36351;23;277;6;0;0;0;0;6;36341;6;0;36341;176;97;79;0;36165;15718;1860;2397;3305;91;34;22;12390;72;222;54
146300;"Radom";"mazowieckie";5;115;115;146903;151258;151257;1;82668;64234;64233;1;32;64266;42;354;30;4;0;0;0;26;64259;26;4;64255;243;146;97;0;64012;23413;3032;3153;7248;115;107;36;26345;63;341;159
146400;"Siedlce";"mazowieckie";5;43;43;56018;57091;57086;5;30678;25339;25336;3;9;25348;7;180;8;0;1;0;0;7;25344;7;0;25344;84;38;46;0;25260;8219;859;1836;3029;44;56;12;10959;47;156;43
146500;"Warszawa";"mazowieckie";4;849;849;1272779;1326457;1325667;790;501599;771184;770806;378;396;771580;679;10046;369;15;0;0;0;354;771442;353;145;771297;2714;1314;1400;0;768583;370870;92069;53813;78053;;1698;;164301;;7779;
160100;"brzeski";"opolskie";12;103;103;64504;66902;66901;1;39867;24637;24636;1;12;24649;24;155;9;0;0;0;0;9;24645;9;0;24645;131;69;62;0;24514;9155;1287;1082;3158;;68;;9422;;342;
160200;"głubczycki";"opolskie";12;64;64;33703;34617;34614;3;21913;11790;11790;0;0;11790;26;71;0;0;0;0;0;0;11790;0;0;11790;114;60;54;0;11676;3924;536;523;1243;;45;;5279;;126;
160300;"kędzierzyńsko-kozielski";"opolskie";12;73;73;66048;68205;68204;1;43810;22238;22237;1;10;22248;23;141;10;0;0;0;0;10;22248;10;0;22248;157;113;44;0;22091;10317;1393;1237;2536;;71;;6202;;335;
160400;"kluczborski";"opolskie";12;70;70;47868;49077;49077;0;31465;16403;16403;0;0;16403;31;114;0;0;0;0;0;0;16403;0;1;16402;118;77;41;0;16284;7669;683;499;1879;;41;;5388;;125;
160500;"krapkowicki";"opolskie";12;57;57;45686;47649;47649;0;32610;13076;13076;0;3;13079;15;95;3;0;0;0;0;3;13079;3;1;13078;91;63;28;0;12987;6633;629;813;1623;;48;;3055;;186;
160600;"namysłowski";"opolskie";12;71;71;31865;32876;32873;3;19806;12059;12058;1;0;12059;15;84;0;0;0;0;0;0;12059;0;0;12059;78;46;32;0;11981;4581;654;503;1588;;29;;4524;;102;
160700;"nyski";"opolskie";12;143;143;100238;103728;103720;8;64395;35843;35839;4;16;35859;51;424;16;3;0;0;0;13;35854;13;0;35854;238;140;98;0;35616;12384;2141;1690;3904;;100;;15097;;300;
160800;"oleski";"opolskie";12;68;68;47399;49483;49481;2;32647;14752;14750;2;0;14752;14;97;0;0;0;0;0;0;14752;0;0;14752;97;60;37;0;14655;6193;666;755;1961;;38;;4847;;195;
160900;"opolski";"opolskie";12;135;135;91771;95769;95756;13;61810;29959;29955;4;1;29960;21;164;1;0;0;0;0;1;29962;1;0;29962;226;147;79;0;29736;14974;1555;1790;3622;;91;;7370;;334;
161000;"prudnicki";"opolskie";12;75;75;39561;41047;41045;2;27123;12438;12437;1;4;12442;13;94;4;0;0;0;0;4;12442;4;0;12442;95;57;38;0;12347;4749;541;490;1695;;36;;4700;;136;
161100;"strzelecki";"opolskie";12;81;81;56047;57519;57517;2;39744;16303;16302;1;1;16304;9;84;1;0;0;0;0;1;16303;1;0;16303;148;91;57;0;16155;7743;786;857;2020;;65;;4428;;256;
166100;"Opole";"opolskie";12;84;84;91753;94421;94408;13;47639;44112;44102;10;18;44130;33;344;18;0;0;0;0;18;44131;18;2;44129;191;80;111;0;43938;23902;4068;2209;4363;;66;;8812;;518;
180100;"bieszczadzki";"podkarpackie";9;37;37;16541;17245;17242;3;10571;5970;5969;1;0;5970;12;150;0;0;0;0;0;0;5970;0;0;5970;34;25;9;0;5936;1977;193;246;973;;5;;2509;;33;
180200;"brzozowski";"podkarpackie";9;59;59;49501;51140;51139;1;31669;17832;17831;1;10;17842;30;115;10;0;0;0;0;10;17842;10;0;17842;111;66;45;0;17731;2685;185;540;2696;;36;;11433;;156;
180300;"dębicki";"podkarpackie";9;118;118;101273;104806;104801;5;60419;40854;40853;1;16;40870;77;190;16;0;0;0;0;16;40867;16;0;40867;297;171;126;0;40570;7692;654;2911;6020;;99;;22794;;400;
180400;"jarosławski";"podkarpackie";9;120;120;90371;93265;93260;5;56204;34170;34168;2;8;34178;42;183;8;0;0;0;0;8;34175;8;2;34173;250;134;116;0;33923;6632;520;1334;5425;;80;;19302;;630;
180500;"jasielski";"podkarpackie";9;127;127;86406;89093;89087;6;52123;34283;34279;4;5;34288;49;166;5;0;0;0;0;5;34287;5;0;34287;230;140;90;0;34057;7317;609;898;4441;;80;;20420;;292;
180600;"kolbuszowski";"podkarpackie";9;66;66;47632;49246;49245;1;29394;18238;18237;1;1;18239;22;61;1;0;0;0;0;1;18239;1;0;18239;142;87;55;0;18097;2101;241;760;4842;;36;;9996;;121;
180700;"krośnieński";"podkarpackie";9;111;111;85854;88893;88891;2;53753;32101;32100;1;30;32131;43;622;30;1;0;0;0;29;32127;29;0;32127;187;102;85;0;31940;7206;526;1073;4766;;83;;17902;;384;
180800;"leżajski";"podkarpackie";9;58;58;52118;53727;53727;0;30969;21149;21149;0;0;21149;52;87;0;0;0;0;0;0;21146;0;0;21146;108;52;56;0;21038;4119;204;365;3197;;39;;12966;;148;
180900;"lubaczowski";"podkarpackie";9;67;67;41959;43478;43476;2;27572;14387;14385;2;1;14388;19;215;1;0;0;0;0;1;14388;1;1;14387;108;63;45;0;14279;3183;284;681;2032;;32;;7938;;129;
181000;"łańcucki";"podkarpackie";9;58;58;60948;63267;63267;0;35785;25163;25163;0;9;25172;27;142;9;2;0;0;0;7;25170;7;0;25170;123;59;64;0;25047;4579;410;1112;4690;;67;;13842;;347;
181100;"mielecki";"podkarpackie";9;124;124;101425;104524;104520;4;61427;39997;39994;3;17;40014;53;141;15;0;0;0;0;15;40012;15;0;40012;215;124;91;0;39797;7200;823;3934;5809;;74;;21632;;325;
181200;"niżański";"podkarpackie";9;83;83;50713;52233;52233;0;31425;19288;19288;0;2;19290;44;81;2;0;0;0;0;2;19289;2;0;19289;125;63;62;0;19164;2735;383;968;2577;;41;;12302;;158;
181300;"przemyski";"podkarpackie";9;106;106;56157;58073;58072;1;36296;19860;19859;1;7;19867;38;136;7;2;0;0;0;5;19866;5;2;19864;184;112;72;0;19680;3778;314;953;3422;;77;;10859;;277;
181400;"przeworski";"podkarpackie";9;82;82;59271;61494;61494;0;37728;21543;21543;0;6;21549;46;90;5;0;0;0;0;5;21546;5;1;21545;139;74;65;0;21406;3816;368;1106;3545;;40;;12295;;236;
181500;"ropczycko-sędziszowski";"podkarpackie";9;69;69;55908;57967;57966;1;33285;22623;22623;0;7;22630;28;56;6;0;0;0;0;6;22630;6;0;22630;137;75;62;0;22493;2936;326;1188;3843;;46;;13925;;229;
181600;"rzeszowski";"podkarpackie";9;125;125;128538;133571;133569;2;73734;54809;54809;0;11;54820;53;214;10;0;0;0;0;10;54813;10;2;54811;301;185;116;0;54510;10731;910;2307;9646;;177;;30040;;699;
181700;"sanocki";"podkarpackie";9;82;82;70560;72895;72894;1;44271;26288;26288;0;7;26295;34;242;6;0;0;0;0;6;26293;6;0;26293;166;109;57;0;26127;8179;686;1058;3543;;51;;12404;;206;
181800;"stalowowolski";"podkarpackie";9;95;95;78579;80682;80681;1;46804;31775;31775;0;10;31785;41;96;10;0;0;0;0;10;31783;10;1;31782;214;114;100;0;31568;7573;660;1276;3575;;69;;18028;;387;
181900;"strzyżowski";"podkarpackie";9;64;64;46259;47932;47930;2;29127;17133;17132;1;3;17136;17;75;3;0;0;0;0;3;17133;3;0;17133;106;60;46;0;17027;3109;264;654;2972;;70;;9775;;183;
182000;"tarnobrzeski";"podkarpackie";9;51;51;40317;41681;41680;1;25840;14477;14476;1;4;14481;17;95;4;0;0;0;0;4;14481;4;0;14481;113;68;45;0;14368;2595;230;881;2049;;29;;8402;;182;
182100;"leski";"podkarpackie";9;32;32;21117;22383;22380;3;12409;8708;8707;1;1;8709;20;593;1;0;0;0;0;1;8708;1;1;8707;65;44;21;0;8642;2854;212;270;1131;;19;;4071;;85;
186100;"Krosno";"podkarpackie";9;28;28;34559;35251;35250;1;19913;14646;14645;1;4;14650;31;106;4;0;0;0;0;4;14650;4;0;14650;58;17;41;0;14592;5951;468;476;1700;;41;;5797;;159;
186200;"Przemyśl";"podkarpackie";9;39;39;44116;45042;45041;1;27300;16809;16808;1;15;16824;24;173;13;4;0;0;0;9;16818;9;0;16818;117;79;38;0;16701;6631;412;594;2229;;39;;6587;;209;
186300;"Rzeszów";"podkarpackie";9;102;102;143072;150347;150339;8;72473;70599;70593;6;39;70638;67;501;38;2;0;1;0;36;70629;36;4;70625;248;121;127;0;70377;28770;2794;3592;9938;;155;;24070;;1058;
186400;"Tarnobrzeg";"podkarpackie";9;35;35;34378;35149;35148;1;20744;13631;13631;0;4;13635;16;72;4;0;0;0;0;4;13634;4;10;13624;68;33;35;0;13556;5782;406;590;1315;;31;;5150;;282;
200100;"augustowski";"podlaskie";3;54;54;42982;44538;44535;3;27867;15115;15114;1;0;15115;21;450;0;0;0;0;0;0;15115;0;0;15115;97;55;42;0;15018;4106;374;1236;2330;62;52;;6726;;132;
200200;"białostocki";"podlaskie";3;149;149;116912;120989;120985;4;67585;49329;49327;2;29;49358;38;347;28;0;0;0;0;28;49355;28;2;49353;297;145;152;0;49056;14752;1274;4220;7392;260;125;;20595;;438;
200300;"bielski";"podlaskie";3;56;56;40968;42271;42270;1;26646;14322;14322;0;2;14324;30;92;2;0;0;0;0;2;14324;2;0;14324;91;51;40;0;14233;3482;578;1576;1962;54;33;;6418;;130;
200400;"grajewski";"podlaskie";3;46;46;34436;35796;35796;0;23405;11031;11031;0;8;11039;7;71;3;0;0;0;0;3;11034;3;0;11034;88;44;44;0;10946;2039;178;1480;1544;25;21;;5586;;73;
200500;"hajnowski";"podlaskie";3;47;47;32776;34044;34037;7;22539;10236;10233;3;3;10239;5;198;3;0;0;0;0;3;10240;3;0;10240;96;47;49;0;10144;3797;747;1524;1469;73;52;;2332;;150;
200600;"kolneński";"podlaskie";3;48;48;28344;29610;29609;1;19196;9148;9147;1;2;9150;6;69;2;0;0;0;0;2;9150;2;0;9150;75;42;33;0;9075;1045;93;1138;1658;23;14;;5035;;69;
200700;"łomżyński";"podlaskie";3;61;61;38165;40110;40109;1;24582;13583;13583;0;0;13583;29;96;0;0;0;0;0;0;13583;0;5;13578;101;49;52;0;13477;1751;129;1265;2540;35;34;;7650;;73;
200800;"moniecki";"podlaskie";3;43;43;30338;31323;31320;3;21039;9299;9298;1;4;9303;20;85;4;0;0;0;0;4;9303;4;0;9303;64;32;32;0;9239;1843;147;810;1607;39;27;;4675;;91;
200900;"sejneński";"podlaskie";3;22;22;15107;15773;15768;5;10569;4539;4538;1;1;4540;12;182;1;0;0;0;0;1;4540;1;0;4540;27;14;13;0;4513;1426;141;528;626;19;7;;1726;;40;
201000;"siemiatycki";"podlaskie";3;54;54;33517;34515;34510;5;22195;11322;11321;1;1;11323;14;215;1;0;0;0;0;1;11323;1;0;11323;81;42;39;0;11242;2647;370;1084;1908;46;22;;5068;;97;
201100;"sokólski";"podlaskie";3;73;73;49906;51532;51526;6;33135;16770;16769;1;1;16771;35;188;1;0;0;0;0;1;16774;1;0;16774;120;56;64;0;16654;3872;355;1486;2682;62;33;;7997;;167;
201200;"suwalski";"podlaskie";3;42;42;26717;28146;28145;1;17699;9017;9016;1;0;9017;19;196;0;0;0;0;0;0;9018;0;2;9016;66;26;40;0;8950;1933;173;795;1876;51;39;;3987;;96;
201300;"wysokomazowiecki";"podlaskie";3;68;68;42229;43832;43832;0;25101;17128;17128;0;2;17130;23;113;2;0;0;0;0;2;17130;2;0;17130;118;54;64;0;17012;1981;155;1518;3270;42;32;;9843;;171;
201400;"zambrowski";"podlaskie";3;49;49;32661;33895;33895;0;20904;11758;11758;0;1;11759;6;57;1;0;0;0;0;1;11759;1;0;11759;92;53;39;0;11667;1749;131;1834;1793;24;34;;6029;;73;
206100;"Białystok";"podlaskie";3;191;191;204169;211580;211579;1;107924;96245;96244;1;50;96295;76;588;46;3;0;0;0;43;96274;42;5;96269;416;198;218;0;95853;38775;3965;8355;11792;433;209;;31521;;803;
206200;"Łomża";"podlaskie";3;32;32;43566;44937;44937;0;26205;17361;17361;0;5;17366;20;90;5;0;0;0;0;5;17366;5;2;17364;89;50;39;0;17275;5300;328;1757;1836;53;32;;7868;;101;
206300;"Suwałki";"podlaskie";3;38;38;51314;51756;51754;2;33194;18120;18119;1;6;18126;18;166;6;0;0;0;0;6;18126;6;0;18126;100;51;49;0;18026;7067;443;1195;2203;76;54;;6830;;158;
220100;"bytowski";"pomorskie";1;114;114;57371;58897;58889;8;37039;20331;20328;3;12;20343;20;235;12;1;0;0;0;11;20343;11;0;20343;140;77;63;0;20203;8230;494;1320;1821;;64;;8075;;199;
220200;"chojnicki";"pomorskie";1;86;86;70461;72464;72461;3;43924;26537;26534;3;5;26542;35;344;5;0;0;0;0;5;26542;5;0;26542;178;94;84;0;26364;11311;611;1119;2838;;96;;10161;;228;
220300;"człuchowski";"pomorskie";1;78;78;42611;42914;42912;2;29237;13373;13372;1;2;13375;12;128;2;0;0;0;0;2;13376;2;0;13376;151;89;62;0;13225;6691;385;640;1325;;59;;3979;;146;
220400;"gdański";"pomorskie";1;76;76;87551;91167;91158;9;49122;38432;38427;5;6;38438;32;367;4;0;0;0;0;4;38431;4;2;38429;220;124;96;0;38209;20413;1533;2585;4170;;142;;8846;;520;
220500;"kartuski";"pomorskie";1;112;112;102149;105964;105954;10;57996;44151;44144;7;6;44157;19;612;6;0;0;0;0;6;44155;6;3;44152;207;91;116;0;43945;18360;1114;2060;5680;;137;;16049;;545;
220600;"kościerski";"pomorskie";1;63;63;53211;54819;54816;3;31913;21296;21295;1;9;21305;15;445;9;1;0;0;0;8;21306;8;1;21305;132;75;57;0;21173;8646;506;959;2413;;89;;8386;;174;
220700;"kwidzyński";"pomorskie";1;77;77;59891;61128;61127;1;40323;19569;19568;1;2;19571;34;105;2;0;0;0;0;2;19571;2;1;19570;158;97;61;0;19412;8940;775;755;2223;;77;;6379;;263;
220800;"lęborski";"pomorskie";1;58;58;46973;48920;48910;10;27468;19505;19501;4;3;19508;14;1092;3;0;0;0;0;3;19508;3;1;19507;109;66;43;0;19398;9771;595;928;1743;;60;;6076;;225;
220900;"malborski";"pomorskie";1;44;44;45688;46664;46661;3;29553;16135;16133;2;4;16139;20;97;4;0;1;0;0;3;16137;3;0;16137;87;52;35;0;16050;8290;684;716;1548;;55;;4497;;260;
221000;"nowodworski";"pomorskie";1;38;38;28061;29660;29654;6;16349;11712;11711;1;2;11714;5;1944;2;0;0;0;0;2;11714;2;0;11714;60;32;28;0;11654;6141;461;478;1081;;36;;3352;;105;
221100;"pucki";"pomorskie";1;77;77;71393;75735;75726;9;36328;35051;35045;6;3;35054;17;5193;3;0;0;0;0;3;35052;3;1;35051;183;88;95;0;34868;17739;1162;2316;3491;;111;;9695;;354;
221200;"słupski";"pomorskie";1;128;128;73481;75583;75575;8;46222;27259;27255;4;6;27265;26;2304;6;1;0;0;0;5;27263;5;2;27261;214;143;71;0;27047;13575;908;1133;2221;;119;;8824;;267;
221300;"starogardzki";"pomorskie";1;112;112;91908;94266;94265;1;59161;32747;32746;1;5;32752;33;348;5;0;0;0;0;5;32751;5;2;32749;220;126;94;0;32529;12842;869;1698;3557;;113;;12969;;481;
221400;"tczewski";"pomorskie";1;100;100;81217;83346;83343;3;51352;29845;29842;3;9;29854;29;145;9;0;0;0;0;9;29852;9;2;29850;230;152;78;0;29620;13131;946;1874;3146;;107;;9956;;460;
221500;"wejherowski";"pomorskie";1;131;131;156437;161852;161840;12;89903;66534;66525;9;18;66552;64;622;17;2;0;0;0;15;66547;15;14;66533;340;173;167;0;66193;31429;2459;4032;7365;;219;;19896;;793;
221600;"sztumski";"pomorskie";1;44;44;30617;31196;31194;2;21313;9304;9303;1;3;9307;12;50;3;0;0;0;0;3;9307;3;0;9307;94;55;39;0;9213;4326;348;497;863;;54;;2965;;160;
226100;"Gdańsk";"pomorskie";1;201;201;330207;350938;350846;92;147030;183197;183151;46;110;183307;121;2785;110;3;1;0;0;106;183279;106;19;183260;547;218;329;0;182713;104855;12556;9905;14383;;505;;38526;;1983;
226200;"Gdynia";"pomorskie";1;118;118;170132;177274;177234;40;80119;90000;89972;28;56;90056;96;1078;55;6;0;0;0;49;90039;49;8;90031;303;128;175;0;89728;50881;6189;5636;7006;;236;;18856;;924;
226300;"Słupsk";"pomorskie";1;47;47;62537;64042;64041;1;36185;26353;26353;0;14;26367;16;273;12;0;1;0;0;11;26364;11;3;26361;105;58;47;0;26256;14286;969;869;1866;;95;;7982;;189;
226400;"Sopot";"pomorskie";1;23;23;24558;26763;26743;20;8888;15667;15656;11;7;15674;33;924;7;0;0;0;0;7;15675;7;4;15671;49;19;30;0;15622;9720;1006;619;914;;43;;3207;;113;
240100;"będziński";"śląskie";11;100;100;108862;112428;112415;13;63148;45713;45706;7;17;45730;55;290;17;0;0;0;0;17;45729;17;5;45724;262;159;103;0;45462;21625;3126;2005;4049;188;105;67;13822;141;334;
240200;"bielski";"śląskie";11;94;94;122243;126917;126912;5;66958;55285;55282;3;15;55300;77;435;15;1;0;0;0;14;55297;14;4;55293;311;155;156;0;54982;20892;1836;3261;6448;248;118;60;21630;126;363;
240300;"cieszyński";"śląskie";11;127;127;130557;136219;136201;18;76377;54205;54195;10;37;54242;71;1346;35;1;0;0;0;34;54235;34;2;54233;279;163;116;0;53954;21699;2241;2955;6346;288;135;83;19692;158;357;
240400;"częstochowski";"śląskie";11;145;145;102866;106758;106755;3;62952;39915;39915;0;16;39931;36;237;14;2;1;0;0;11;39923;11;1;39922;262;153;109;0;39660;11482;1929;2768;4013;225;85;82;18594;190;292;
240500;"gliwicki";"śląskie";11;87;87;82496;86079;86075;4;50624;31872;31870;2;8;31880;19;146;8;1;0;0;0;7;31878;7;0;31878;200;102;98;0;31678;13320;1021;1503;3620;181;88;64;11525;96;260;
240600;"kłobucki";"śląskie";11;73;73;64450;66852;66851;1;41383;23067;23066;1;3;23070;30;167;1;0;0;0;0;1;23068;1;1;23067;127;78;49;0;22940;5460;840;3534;2457;118;47;33;10247;48;156;
240700;"lubliniecki";"śląskie";11;71;71;58355;59906;59906;0;36911;21450;21450;0;10;21460;28;145;6;0;0;0;0;6;21457;6;2;21455;175;93;82;0;21280;7373;556;1123;2637;137;67;53;9099;58;177;
240800;"mikołowski";"śląskie";11;65;65;71945;74745;74742;3;39432;32523;32522;1;14;32537;60;132;14;0;0;0;0;14;32537;14;1;32536;174;83;91;0;32362;12956;940;2852;3692;109;70;41;11404;74;224;
240900;"myszkowski";"śląskie";11;61;61;52682;55095;55093;2;31939;20743;20741;2;5;20748;49;177;5;0;0;0;0;5;20749;5;0;20749;108;50;58;0;20641;6539;951;857;1938;98;50;55;9968;43;142;
241000;"pszczyński";"śląskie";11;78;78;80777;83369;83369;0;44942;35822;35822;0;23;35845;31;271;22;1;0;2;0;19;35845;19;1;35844;171;87;84;0;35673;11279;963;1917;4307;208;60;31;16594;73;241;
241100;"raciborski";"śląskie";11;85;85;77530;79398;79395;3;52507;25023;25020;3;11;25034;29;91;11;0;0;0;0;11;25033;11;2;25031;168;97;71;0;24863;10677;658;966;2801;93;45;37;9351;49;186;
241200;"rybnicki";"śląskie";11;48;48;56101;58401;58397;4;34298;21803;21802;1;0;21803;35;50;0;0;0;0;0;0;21804;0;0;21804;118;55;63;0;21686;7473;402;754;2518;99;38;32;10169;51;150;
241300;"tarnogórski";"śląskie";11;93;93;103749;107434;107429;5;59314;44436;44435;1;18;44454;63;153;18;0;0;0;0;18;44454;18;13;44441;225;114;111;0;44216;18652;1478;2374;4816;204;112;70;16067;129;314;
241400;"bieruńsko-lędziński";"śląskie";11;42;42;42924;45009;45009;0;23969;18955;18955;0;8;18963;29;74;8;0;0;0;0;8;18963;8;1;18962;108;56;52;0;18854;5086;492;1352;2473;117;39;22;9080;44;149;
241500;"wodzisławski";"śląskie";11;103;103;111045;116301;116298;3;67944;43101;43100;1;11;43112;79;199;11;0;0;0;0;11;43111;11;0;43111;205;113;92;0;42906;16055;1005;1589;4690;183;76;47;18924;87;250;
241600;"zawierciański";"śląskie";11;121;121;86873;91173;91169;4;51849;35014;35011;3;8;35022;46;287;8;1;0;0;0;7;35022;7;5;35017;235;126;109;0;34782;12461;1521;1584;3580;163;70;152;14895;116;240;
241700;"żywiecki";"śląskie";11;107;107;112202;117663;117660;3;64199;48003;48002;1;30;48033;98;606;30;0;0;1;0;29;48025;29;0;48025;280;163;117;0;47745;12826;1168;2862;5336;195;95;64;24816;94;289;
246100;"Bielsko-Biała";"śląskie";11;77;77;120503;124933;124924;9;61987;58511;58506;5;44;58555;89;498;44;2;0;0;0;42;58537;42;6;58531;268;136;132;0;58263;26483;2649;3002;5888;210;128;41;19356;131;375;
246200;"Bytom";"śląskie";11;82;82;105114;108504;108499;5;66093;39021;39017;4;26;39047;37;146;26;4;0;0;1;21;39039;21;0;39039;227;115;112;0;38812;17891;2052;1743;3751;234;77;122;12572;91;279;
246300;"Chorzów";"śląskie";11;65;65;71115;73327;73324;3;42689;28427;28426;1;12;28439;38;105;11;0;0;0;0;11;28437;11;2;28435;173;82;91;0;28262;14231;1385;1807;2690;145;40;63;7595;84;222;
246400;"Częstochowa";"śląskie";11;134;134;154065;160320;160315;5;84680;69383;69378;5;51;69434;67;448;50;3;0;0;1;46;69426;46;5;69421;277;112;165;0;69144;29371;5217;3403;5738;381;146;92;24195;133;468;
246500;"Dąbrowa Górnicza";"śląskie";11;67;67;83697;87652;87649;3;47587;36110;36110;0;10;36120;20;248;9;0;0;0;0;9;36115;9;2;36113;166;84;82;0;35947;17708;2500;1503;2961;121;174;48;10605;88;239;
246600;"Gliwice";"śląskie";11;117;117;123450;128107;128097;10;66892;56558;56552;6;21;56579;91;304;21;0;0;0;0;21;56578;21;3;56575;266;134;132;0;56309;28398;3024;2856;5537;212;108;62;15436;120;556;
246700;"Jastrzębie-Zdrój";"śląskie";11;38;38;59204;63935;63935;0;35467;23737;23737;0;13;23750;31;98;10;0;0;0;0;10;23745;10;2;23743;142;59;83;0;23601;8139;774;809;2188;102;55;31;11308;40;155;
246800;"Jaworzno";"śląskie";11;48;48;65029;67174;67173;1;38314;26715;26715;0;21;26736;34;185;21;0;0;0;0;21;26735;21;1;26734;145;75;70;0;26589;10946;1334;1209;2820;142;55;22;9757;57;247;
246900;"Katowice";"śląskie";11;168;168;202748;212196;212169;27;102189;100560;100540;20;67;100627;103;921;65;1;0;0;1;63;100614;63;5;100609;449;195;254;0;100160;50501;6698;6201;8898;387;175;144;26272;217;667;
247000;"Mysłowice";"śląskie";11;41;41;51523;53361;53359;2;29367;22158;22157;1;7;22165;31;104;7;1;0;0;0;6;22162;6;5;22157;127;67;60;0;22030;9335;961;1094;2408;91;39;51;7867;41;143;
247100;"Piekary Śląskie";"śląskie";11;32;32;36976;39754;39751;3;21579;15397;15395;2;5;15402;18;26;5;0;0;0;0;5;15402;5;0;15402;93;47;46;0;15309;6347;515;665;1365;70;25;23;6184;32;83;
247200;"Ruda Śląska";"śląskie";11;79;79;94409;98440;98439;1;58635;35773;35773;0;8;35781;34;116;8;0;0;0;0;8;35781;8;0;35781;202;90;112;0;35579;15227;1292;2162;3308;202;70;81;12898;96;243;
247300;"Rybnik";"śląskie";11;72;72;95514;99325;99321;4;56497;39017;39014;3;16;39033;34;166;16;4;0;0;0;12;39029;12;0;39029;150;62;88;0;38879;16939;1042;1367;4151;166;74;58;14714;127;241;
247400;"Siemianowice Śląskie";"śląskie";11;41;41;45349;47436;47433;3;25979;19370;19368;2;6;19376;30;114;6;0;0;0;0;6;19375;6;0;19375;99;51;48;0;19276;9438;968;1173;2007;97;48;38;5312;54;141;
247500;"Sosnowiec";"śląskie";11;107;107;141011;144880;144875;5;80946;60066;60062;4;23;60089;49;386;17;0;0;0;0;17;60075;17;3;60072;271;148;123;0;59801;28262;5182;2760;4804;256;152;69;17767;126;423;
247600;"Świętochłowice";"śląskie";11;27;27;33113;34309;34309;0;20835;12277;12277;0;3;12280;8;51;3;0;0;0;0;3;12281;3;5;12276;58;20;38;0;12218;5551;489;725;1204;99;22;23;3974;53;78;
247700;"Tychy";"śląskie";11;67;67;87673;91291;91277;14;47361;40311;40304;7;16;40327;68;213;16;0;0;0;0;16;40325;16;1;40324;179;93;86;0;40145;15249;1965;4819;4069;202;65;33;13413;64;266;
247800;"Zabrze";"śląskie";11;89;89;114078;117771;117771;0;73590;40488;40488;0;18;40506;26;213;18;0;0;0;0;18;40506;18;5;40501;216;100;116;0;40285;18784;1905;1711;3798;187;74;66;13317;137;306;
247900;"Żory";"śląskie";11;26;26;42960;45827;45822;5;25049;17910;17906;4;6;17916;19;64;6;3;0;0;0;3;17914;3;0;17914;86;37;49;0;17828;7127;574;860;1889;90;34;22;7086;43;103;
260100;"buski";"świętokrzyskie";10;94;94;56450;57996;57995;1;34726;21724;21723;1;4;21728;32;1142;4;0;2;0;1;1;21723;1;0;21723;160;107;53;0;21563;3544;679;4287;2383;43;47;17;10448;;115;
260200;"jędrzejowski";"świętokrzyskie";10;97;97;64636;66275;66275;0;40593;24043;24043;0;3;24046;28;181;3;1;0;0;0;2;24045;2;0;24045;193;141;52;0;23852;3817;704;3114;3192;45;45;47;12683;;205;
260300;"kazimierski";"świętokrzyskie";10;34;34;26012;26664;26664;0;17974;8038;8038;0;0;8038;21;55;0;0;0;0;0;0;8038;0;0;8038;73;49;24;0;7965;994;211;1562;1070;17;17;4;4056;;34;
260400;"kielecki";"świętokrzyskie";10;247;247;162608;167302;167290;12;98446;64162;64160;2;13;64175;61;388;12;0;0;0;0;12;64173;12;2;64171;391;252;139;0;63780;9205;2008;8560;8960;142;128;53;34262;;462;
260500;"konecki";"świętokrzyskie";10;85;85;61627;62695;62692;3;38549;23078;23075;3;1;23079;43;178;1;0;0;0;0;1;23079;1;1;23078;154;106;48;0;22924;3545;2388;2294;2687;43;53;17;11765;;132;
260600;"opatowski";"świętokrzyskie";10;82;82;40390;40852;40846;6;26403;13987;13983;4;2;13989;27;96;2;0;0;0;0;2;13987;2;0;13987;160;90;70;0;13827;1485;432;2014;2078;27;52;24;7638;;77;
260700;"ostrowiecki";"świętokrzyskie";10;95;95;80698;81987;81986;1;52146;28551;28550;1;10;28561;28;138;10;0;0;0;0;10;28560;10;1;28559;220;146;74;0;28339;7427;1626;3791;3286;64;62;26;11897;;160;
260800;"pińczowski";"świętokrzyskie";10;41;41;30802;31365;31365;0;20645;10160;10160;0;3;10163;16;97;3;0;0;0;0;3;10163;3;1;10162;96;57;39;0;10066;1656;353;1806;1334;18;27;5;4821;;46;
260900;"sandomierski";"świętokrzyskie";10;89;89;59192;60538;60536;2;37857;21335;21333;2;9;21344;43;191;9;0;0;0;0;9;21344;9;0;21344;151;108;43;0;21193;3484;787;3715;2907;55;52;17;10075;;101;
261000;"skarżyski";"świętokrzyskie";10;63;63;55373;56445;56445;0;34036;21336;21336;0;6;21342;50;178;6;0;0;0;0;6;21343;6;0;21343;111;63;48;0;21232;5763;1116;2859;2368;52;46;23;8871;;134;
261100;"starachowicki";"świętokrzyskie";10;70;70;67020;68113;68107;6;42268;24752;24746;6;9;24761;36;128;9;1;0;0;0;8;24759;8;1;24758;131;83;48;0;24627;5821;1018;2915;3168;57;48;20;11394;;186;
261200;"staszowski";"świętokrzyskie";10;92;92;55638;56328;56326;2;35596;20042;20042;0;1;20043;19;135;1;1;0;0;0;0;20041;0;0;20041;149;87;62;0;19892;2558;537;2824;2680;54;51;12;11055;;121;
261300;"włoszczowski";"świętokrzyskie";10;42;42;34978;35922;35921;1;21970;13007;13007;0;0;13007;16;79;0;0;0;0;0;0;13007;0;0;13007;104;60;44;0;12903;1244;390;2513;1921;16;18;6;6745;;50;
266100;"Kielce";"świętokrzyskie";10;95;95;141119;143220;143211;9;74441;66678;66670;8;40;66718;54;482;37;0;0;0;0;37;66708;37;4;66704;272;135;137;0;66432;22805;4440;8804;6807;104;114;45;22918;;395;
280100;"bartoszycki";"warmińsko-mazurskie";3;56;56;42608;43715;43714;1;29345;13263;13263;0;3;13266;14;128;3;0;0;0;0;3;13266;3;0;13266;159;96;63;0;13107;6405;357;643;1318;66;41;;4161;;116;
280200;"braniewski";"warmińsko-mazurskie";3;42;42;29834;30601;30600;1;20831;9003;9003;0;0;9003;27;92;0;0;0;0;0;0;9003;0;0;9003;88;55;33;0;8915;4033;282;546;987;56;31;;2864;;116;
280300;"działdowski";"warmińsko-mazurskie";3;78;78;47650;49330;49330;0;32716;14934;14934;0;7;14941;19;100;7;0;0;0;0;7;14941;7;0;14941;160;100;60;0;14781;5061;451;1013;1452;68;50;;6533;;153;
280400;"elbląski";"warmińsko-mazurskie";3;58;58;42340;43272;43268;4;29757;12583;12582;1;4;12587;12;96;4;0;0;0;0;4;12586;4;0;12586;135;83;52;0;12451;5291;370;913;1486;77;41;;4114;;159;
280500;"ełcki";"warmińsko-mazurskie";3;58;58;64251;65925;65921;4;44338;19911;19911;0;1;19912;22;227;1;0;0;0;0;1;19914;1;1;19913;167;98;69;0;19746;7913;815;1024;2708;66;62;;7001;;157;
280600;"giżycki";"warmińsko-mazurskie";3;57;57;41363;43495;43488;7;26138;15225;15221;4;3;15228;11;922;3;0;0;0;0;3;15228;3;1;15227;110;69;41;0;15117;7151;614;983;1656;71;24;;4286;;332;
280700;"iławski";"warmińsko-mazurskie";3;74;74;67855;70343;70339;4;45348;22507;22506;1;6;22513;14;298;6;0;0;0;0;6;22503;6;0;22503;188;119;69;0;22315;8814;784;1674;2423;144;50;;8162;;264;
280800;"kętrzyński";"warmińsko-mazurskie";3;59;59;45031;46763;46761;2;31238;13792;13791;1;3;13795;21;147;3;0;0;0;0;3;13795;3;0;13795;103;66;37;0;13692;5878;591;911;1626;87;38;;4406;;155;
280900;"lidzbarski";"warmińsko-mazurskie";3;41;41;29389;30561;30561;0;19683;9706;9706;0;3;9709;9;131;3;0;0;0;0;3;9709;3;0;9709;80;52;28;0;9629;4904;251;424;1004;38;16;;2924;;68;
281000;"mrągowski";"warmińsko-mazurskie";3;49;49;36299;38236;38229;7;23319;12979;12978;1;2;12981;19;591;2;0;0;0;0;2;12981;2;1;12980;125;70;55;0;12855;5899;490;790;1517;56;41;;3903;;159;
281100;"nidzicki";"warmińsko-mazurskie";3;38;38;23744;24694;24694;0;16344;7399;7399;0;4;7403;3;75;4;1;0;0;0;3;7403;3;1;7402;79;59;20;0;7323;2644;257;409;805;38;17;;3079;;74;
281200;"nowomiejski";"warmińsko-mazurskie";3;59;59;31460;32846;32845;1;21218;10242;10242;0;0;10242;6;91;0;0;0;0;0;0;10243;0;1;10242;88;49;39;0;10154;3178;288;824;1143;61;26;;4513;;121;
281300;"olecki";"warmińsko-mazurskie";3;36;36;24044;24937;24935;2;16893;7151;7150;1;0;7151;6;85;0;0;0;0;0;0;7151;0;0;7151;68;40;28;0;7083;2497;220;415;1397;30;12;;2441;;71;
281400;"olsztyński";"warmińsko-mazurskie";3;159;159;97255;100236;100221;15;62293;35019;35011;8;13;35032;28;523;13;0;0;0;0;13;35035;13;1;35034;284;160;124;0;34750;16423;1876;2361;3979;191;87;;9396;;437;
281500;"ostródzki";"warmińsko-mazurskie";3;101;101;74887;78016;78008;8;50477;24410;24407;3;1;24411;19;375;1;0;0;0;0;1;24410;1;5;24405;194;125;69;0;24211;11706;881;1327;2438;105;66;;7455;;233;
281600;"piski";"warmińsko-mazurskie";3;46;46;40569;42625;42623;2;27850;12720;12719;1;0;12720;15;493;0;0;0;0;0;0;12720;0;0;12720;123;84;39;0;12597;4325;367;839;1520;52;35;;5315;;144;
281700;"szczycieński";"warmińsko-mazurskie";3;84;84;51708;54086;54084;2;34409;17299;17297;2;1;17300;22;500;1;0;0;0;0;1;17300;1;2;17298;165;105;60;0;17133;6206;690;1615;2022;71;58;;6244;;227;
281800;"gołdapski";"warmińsko-mazurskie";3;25;25;19290;19691;19689;2;13572;5718;5718;0;11;5729;8;181;11;0;0;0;0;11;5729;11;0;5729;50;33;17;0;5679;2551;208;379;765;30;16;;1675;;55;
281900;"węgorzewski";"warmińsko-mazurskie";3;29;29;16614;17343;17340;3;11100;5514;5513;1;0;5514;5;229;0;0;0;0;0;0;5514;0;0;5514;38;26;12;0;5476;2452;306;347;605;41;9;;1618;;98;
286100;"Elbląg";"warmińsko-mazurskie";3;62;62;83069;85216;85214;2;49852;33216;33216;0;30;33246;34;232;29;2;1;0;0;26;33236;26;3;33233;188;87;101;0;33045;17319;1378;1609;2737;132;98;;9463;;309;
286200;"Olsztyn";"warmińsko-mazurskie";3;104;104;118713;123856;123845;11;63403;55312;55310;2;25;55337;49;521;22;1;0;0;0;21;55332;21;6;55326;239;116;123;0;55087;28674;3719;3240;5312;197;105;;13199;;641;
300100;"chodzieski";"wielkopolskie";7;46;46;34565;35661;35656;5;21639;12928;12925;3;0;12928;17;89;0;0;0;0;0;0;12927;0;2;12925;142;92;50;0;12783;5296;907;1283;1672;83;39;44;3354;;105;
300200;"czarnkowsko-trzcianecki";"wielkopolskie";7;83;83;63401;65201;65199;2;41545;21856;21855;1;5;21861;27;209;5;0;0;0;0;5;21860;5;1;21859;186;127;59;0;21673;8165;1228;2263;3145;130;72;63;6443;;164;
300300;"gnieźnieński";"wielkopolskie";7;128;128;105759;109229;109226;3;65200;40558;40556;2;31;40589;41;239;31;3;0;0;1;27;40586;27;0;40586;344;227;117;0;40242;13905;4058;3202;5873;231;146;99;12412;;316;
300400;"gostyński";"wielkopolskie";7;91;91;55751;57451;57450;1;36826;18925;18924;1;1;18926;13;45;1;0;0;0;0;1;18926;1;0;18926;178;124;54;0;18748;4696;1278;1649;3587;134;67;66;7097;;174;
300500;"grodziski";"wielkopolskie";7;32;32;37688;39093;39092;1;25381;12307;12306;1;0;12307;22;40;0;0;0;0;0;0;12305;0;0;12305;116;69;47;0;12189;3792;605;1388;1863;81;34;57;4207;;162;
300600;"jarociński";"wielkopolskie";7;64;64;52708;54087;54086;1;34540;18168;18168;0;8;18176;15;52;8;0;0;0;0;8;18175;8;0;18175;128;92;36;0;18047;5301;1020;1722;2385;119;42;36;7293;;129;
300700;"kaliski";"wielkopolskie";7;99;99;63243;65205;65203;2;41157;22086;22084;2;0;22086;22;80;0;0;0;0;0;0;22086;0;0;22086;155;102;53;0;21931;4325;917;2118;3555;141;32;50;10659;;134;
300800;"kępiński";"wielkopolskie";7;54;54;41724;43062;43062;0;26029;15695;15695;0;2;15697;12;83;2;0;0;0;0;2;15697;2;0;15697;123;71;52;0;15574;5045;789;1274;2326;78;41;27;5906;;88;
300900;"kolski";"wielkopolskie";7;68;68;64126;66180;66178;2;41569;22556;22555;1;2;22558;28;172;2;0;0;0;0;2;22559;2;1;22558;209;129;80;0;22349;4537;1141;1696;4316;117;28;30;10365;;119;
301000;"koniński";"wielkopolskie";7;119;119;98699;102252;102244;8;65721;32978;32972;6;2;32980;34;261;2;0;0;0;0;2;32979;2;0;32979;265;157;108;0;32714;6839;1606;2565;5246;243;70;67;15823;;255;
301100;"kościański";"wielkopolskie";7;82;82;57716;59949;59947;2;36903;20813;20813;0;17;20830;21;82;16;0;0;0;0;16;20829;16;1;20828;164;102;62;0;20664;7285;1321;1975;3133;137;60;53;6508;;192;
301200;"krotoszyński";"wielkopolskie";7;73;73;56354;57963;57963;0;37445;18909;18909;0;3;18912;16;87;3;0;0;0;0;3;18912;3;0;18912;181;114;67;0;18731;5203;1139;1744;2771;115;38;61;7486;;174;
301300;"leszczyński";"wielkopolskie";7;51;51;43949;45615;45612;3;28753;15197;15195;2;0;15197;5;155;0;0;0;0;0;0;15197;0;0;15197;121;77;44;0;15076;4582;1007;1435;3004;97;34;35;4781;;101;
301400;"międzychodzki";"wielkopolskie";7;27;27;27082;28071;28068;3;17829;9253;9252;1;0;9253;12;103;0;0;0;0;0;0;9253;0;0;9253;91;58;33;0;9162;3490;577;1067;1349;50;27;34;2493;;75;
301500;"nowotomyski";"wielkopolskie";7;56;56;55056;57134;57129;5;34462;20594;20593;1;2;20596;6;104;2;0;0;0;0;2;20596;2;0;20596;167;105;62;0;20429;7052;1341;3029;2547;121;65;96;5596;;582;
301600;"obornicki";"wielkopolskie";7;69;69;42646;44062;44059;3;26744;15901;15898;3;0;15901;13;145;0;0;0;0;0;0;15902;0;1;15901;150;102;48;0;15751;5588;1100;2456;2144;110;49;50;4138;;116;
301700;"ostrowski";"wielkopolskie";7;147;147;119810;123210;123209;1;73278;46534;46534;0;15;46549;47;211;15;0;0;0;0;15;46547;15;0;46547;313;198;115;0;46234;16069;2792;3572;5778;266;94;101;17274;;288;
301800;"ostrzeszowski";"wielkopolskie";7;70;70;41554;42755;42754;1;26850;14704;14703;1;0;14704;19;62;0;0;0;0;0;0;14704;0;0;14704;114;70;44;0;14590;3962;615;2089;2166;71;33;34;5517;;103;
301900;"pilski";"wielkopolskie";7;124;124;98097;100072;100068;4;59663;38432;38429;3;15;38447;36;289;15;1;0;0;0;14;38447;14;3;38444;263;170;93;0;38181;15527;2809;3263;5320;251;85;77;10602;;247;
302000;"pleszewski";"wielkopolskie";7;72;72;47514;48397;48394;3;31081;16433;16432;1;5;16438;34;65;5;0;0;0;0;5;16438;5;0;16438;145;93;52;0;16293;4630;745;1805;2296;95;41;46;6513;;122;
302100;"poznański";"wielkopolskie";7;252;252;301785;314491;314448;43;152483;149292;149266;26;20;149312;112;1041;19;1;0;0;0;18;149301;18;3;149298;763;425;338;0;148535;73464;12828;13546;17744;639;314;369;28411;;1220;
302200;"rawicki";"wielkopolskie";7;65;65;44945;46000;45998;2;29896;15049;15048;1;4;15053;3;84;4;1;0;0;0;3;15051;3;0;15051;182;122;60;0;14869;4722;1038;1414;2198;121;58;46;5111;;161;
302300;"słupecki";"wielkopolskie";7;65;65;44651;45861;45860;1;29321;15330;15329;1;1;15331;16;157;1;0;0;1;0;0;15330;0;0;15330;143;82;61;0;15187;3298;1061;2451;2291;88;46;44;5818;;90;
302400;"szamotulski";"wielkopolskie";7;61;61;68895;70890;70885;5;43189;25705;25702;3;2;25707;55;140;1;1;0;0;0;0;25706;0;0;25706;219;134;85;0;25487;10235;1691;3018;3436;149;83;65;6631;;179;
302500;"średzki";"wielkopolskie";7;55;55;43800;45361;45359;2;27591;16209;16209;0;2;16211;12;89;2;0;0;0;0;2;16211;2;1;16210;127;82;45;0;16083;5527;1219;1687;2472;102;56;50;4856;;114;
302600;"śremski";"wielkopolskie";7;47;47;45150;46195;46193;2;29364;15786;15785;1;2;15788;13;70;2;0;0;0;0;2;15787;2;0;15787;125;86;39;0;15662;5613;1330;1439;2277;108;42;55;4674;;124;
302700;"turecki";"wielkopolskie";7;74;74;62367;64286;64281;5;40428;21939;21936;3;5;21944;16;113;5;1;0;0;0;4;21943;4;0;21943;178;107;71;0;21765;4840;1202;1847;3186;128;47;55;10293;;167;
302800;"wągrowiecki";"wielkopolskie";7;79;79;51046;52724;52723;1;32718;18327;18326;1;0;18327;15;105;0;0;0;0;0;0;18328;0;1;18327;190;131;59;0;18137;6111;1586;2087;2513;166;53;74;5375;;172;
302900;"wolsztyński";"wielkopolskie";7;50;50;42066;43647;43645;2;27380;14686;14684;2;2;14688;7;143;2;0;0;0;0;2;14687;2;0;14687;126;74;52;0;14561;4750;781;1943;2140;102;52;45;4560;;188;
303000;"wrzesiński";"wielkopolskie";7;72;72;57070;58965;58959;6;35526;21547;21544;3;5;21552;9;95;5;0;0;0;0;5;21552;5;3;21549;143;89;54;0;21406;7321;1264;2140;3258;125;46;57;7015;;180;
303100;"złotowski";"wielkopolskie";7;72;72;50338;52053;52053;0;33198;17140;17140;0;9;17149;19;166;9;2;0;0;0;7;17145;7;0;17145;189;119;70;0;16956;6381;982;1784;2374;112;56;42;5080;;145;
306100;"Kalisz";"wielkopolskie";7;57;57;70811;72283;72280;3;39604;31207;31205;2;26;31233;24;144;25;0;0;0;0;25;31232;25;3;31229;124;70;54;0;31105;13547;2313;2553;3404;158;52;40;8887;;151;
306200;"Konin";"wielkopolskie";7;47;47;52201;53543;53542;1;30352;21849;21849;0;14;21863;8;140;11;1;0;0;2;9;21857;9;2;21855;116;75;41;0;21739;8480;1841;1368;2431;108;30;20;7342;;119;
306300;"Leszno";"wielkopolskie";7;34;34;44599;45440;45438;2;25573;19026;19025;1;6;19032;15;112;6;0;0;0;0;6;19032;6;0;19032;108;47;61;0;18924;9152;1844;1218;2382;55;29;38;4100;;106;
306400;"Poznań";"wielkopolskie";7;259;259;367597;386472;386391;81;170812;196803;196762;41;84;196887;148;1980;82;2;0;0;0;80;196824;80;32;196792;748;381;367;0;196044;100569;24870;14861;18834;629;305;311;34666;;999;
320100;"białogardzki";"zachodniopomorskie";13;36;36;33794;34650;34647;3;23189;10605;10604;1;1;10606;11;49;1;0;0;0;0;1;10606;1;0;10606;95;68;27;0;10511;4757;849;458;989;;18;;3339;;101;
320200;"choszczeński";"zachodniopomorskie";13;63;63;34760;35898;35895;3;23228;11552;11550;2;2;11554;17;134;2;0;0;0;0;2;11553;2;1;11552;123;96;27;0;11429;4354;1118;731;1098;;26;;4011;;91;
320300;"drawski";"zachodniopomorskie";13;63;63;41491;42961;42956;5;28000;13491;13489;2;6;13497;13;193;6;0;0;0;0;6;13496;6;0;13496;122;91;31;0;13374;5741;1043;943;1241;;43;;4232;;131;
320400;"goleniowski";"zachodniopomorskie";13;74;74;61218;62819;62816;3;39329;21889;21888;1;6;21895;19;191;6;0;0;0;0;6;21890;6;2;21888;215;145;70;0;21673;9224;1787;1424;2145;;70;;6785;;238;
320500;"gryficki";"zachodniopomorskie";13;59;59;47313;49436;49431;5;27901;19412;19412;0;0;19412;23;3804;0;0;0;0;0;0;19407;0;0;19407;131;72;59;0;19276;8601;1536;1457;1390;;46;;6094;;152;
320600;"gryfiński";"zachodniopomorskie";13;85;85;58916;60683;60664;19;38784;20133;20130;3;8;20141;18;167;8;0;0;0;0;8;20141;8;0;20141;161;103;58;0;19980;7814;1391;1072;2045;;59;;7414;;185;
320700;"kamieński";"zachodniopomorskie";13;50;50;35482;38716;38700;16;19341;16140;16138;2;4;16144;28;2765;4;0;0;0;0;4;16144;4;0;16144;107;61;46;0;16037;7294;1382;1116;1293;;42;;4767;;143;
320800;"kołobrzeski";"zachodniopomorskie";13;65;65;62518;67497;67489;8;32096;30422;30420;2;5;30427;12;6331;4;1;0;0;0;3;30424;3;0;30424;207;138;69;0;30217;14149;3209;2137;2109;;68;;8338;;207;
320900;"koszaliński";"zachodniopomorskie";13;77;77;50836;53990;53980;10;30171;20665;20660;5;3;20668;15;3203;3;0;0;0;0;3;20667;3;0;20667;192;120;72;0;20475;9112;1627;1236;1937;;67;;6244;;252;
321000;"myśliborski";"zachodniopomorskie";13;74;74;47132;48614;48609;5;31789;15343;15341;2;1;15344;17;108;1;0;0;0;0;1;15344;1;0;15344;136;95;41;0;15208;6215;1158;835;1508;;31;;5317;;144;
321100;"policki";"zachodniopomorskie";13;58;58;58785;61199;61173;26;31717;27068;27062;6;3;27071;36;220;3;0;0;0;0;3;27068;3;0;27068;148;68;80;0;26920;13419;2525;1646;2828;;67;;6145;;290;
321200;"pyrzycki";"zachodniopomorskie";13;36;36;28086;29006;29006;0;18585;9501;9501;0;2;9503;10;51;2;0;0;0;0;2;9503;2;0;9503;90;60;30;0;9413;3012;460;655;1078;;24;;4113;;71;
321300;"sławieński";"zachodniopomorskie";13;73;73;43669;45815;45810;5;25755;17913;17909;4;4;17917;10;3527;4;0;0;0;0;4;17917;4;0;17917;131;89;42;0;17786;7556;1398;1002;1557;;51;;6052;;170;
321400;"stargardzki";"zachodniopomorskie";13;105;105;86776;89953;89941;12;52979;33797;33793;4;6;33803;36;252;6;0;0;0;0;6;33800;6;3;33797;253;158;95;0;33544;13687;2919;2393;3266;;92;;10821;;366;
321500;"szczecinecki";"zachodniopomorskie";13;71;71;55423;57145;57138;7;36535;18888;18885;3;6;18894;29;271;6;0;0;0;0;6;18890;6;1;18889;154;100;54;0;18735;7627;1537;828;1652;;31;;6904;;156;
321600;"świdwiński";"zachodniopomorskie";13;45;45;34225;35477;35473;4;23013;11212;11212;0;0;11212;14;266;0;0;0;0;0;0;11212;0;0;11212;99;62;37;0;11113;4403;976;691;984;;39;;3907;;113;
321700;"wałecki";"zachodniopomorskie";13;46;46;37841;39050;39043;7;24915;12926;12925;1;2;12928;15;79;1;0;0;0;0;1;12927;1;2;12925;119;75;44;0;12806;5869;1264;807;1107;;34;;3586;;139;
321800;"łobeski";"zachodniopomorskie";13;33;33;25840;26600;26598;2;17918;7921;7921;0;10;7931;12;87;10;0;0;0;0;10;7932;10;0;7932;78;54;24;0;7854;3418;409;572;702;;14;;2685;;54;
326100;"Koszalin";"zachodniopomorskie";13;55;55;76596;78877;78871;6;42913;33683;33679;4;17;33700;41;328;17;0;0;0;0;17;33695;17;0;33695;175;95;80;0;33520;16383;3703;1993;2670;;97;;8380;;294;
326200;"Szczecin";"zachodniopomorskie";13;210;210;272141;280256;280223;33;140986;131154;131136;18;63;131217;125;1074;63;3;0;4;0;56;131181;56;20;131161;538;266;272;0;130623;62659;13819;7302;12149;;294;;33295;;1105;
326300;"Świnoujście";"zachodniopomorskie";13;27;27;29993;31384;31377;7;15993;14000;13998;2;4;14004;10;1682;4;0;0;0;0;4;14004;4;0;14004;70;31;39;0;13934;6578;1768;773;1244;;36;;3426;;109;
